label,score
3,0.02536296602849256
3,0.009805352063917038
3,0.015201485005404036
2,0.027586892540769146
1,0.031834104177345786
3,0.0679171300777691
3,0.048277047400009265
0,0.007064998480360436
3,0.010067974555822713
3,0.03005568197954296
3,0.33330107890180183
1,0.03937790346420456
3,0.013713711048168506
3,0.15661059231833516
1,0.05777851849712204
3,0.005155317585792435
3,0.053635584314955416
3,0.03609062826882968
0,0.02495244508490564
2,0.018190948757734166
3,0.057963409221929225
1,0.04489773384539745
3,0.038479723100528024
3,0.0064926272151979774
3,0.019134926291049
2,0.0842552500737623
3,0.01207336014971024
3,0.02270482339091675
3,0.0324520364007131
3,0.006456820337088772
3,0.027554264401724142
3,0.03762158263604874
1,0.005358420381415129
3,0.006007852085263699
1,0.05564471177246684
0,0.12084607502070116
1,0.11713069051539454
0,0.01078649308283495
3,0.008253888843298819
3,0.05832065420260078
3,0.0038900398922034384
3,0.07186044385903735
3,0.017964473957508758
3,0.007211597000674946
3,0.00698313230506579
1,0.08183884002314025
1,0.05179118634300973
3,0.009067323934571454
3,0.0028339530937244455
3,0.03056110686694676
0,0.0182866036813126
0,0.005805432068265716
3,0.005627919774341178
0,0.004724163280013834
3,0.0014756956028402352
0,0.20754357099738888
0,0.031765169072826255
3,0.007609054359642732
3,0.02489483216273562
1,0.1537038518412257
3,0.01401844980100566
2,0.04872305154674598
2,0.07147802702369882
3,0.06537911000513016
2,0.012393306596681673
0,0.12216772355208903
0,0.015646341856132246
1,0.04157340918256313
3,0.004707662388805856
3,0.1185725926984015
0,0.031093405642200454
3,0.0027229753309225505
3,0.03161535113487987
2,0.16086600306093474
0,0.03514525793077071
3,0.017050051075192543
3,0.07970316353338723
1,0.03007873430293956
1,0.09904248688663662
1,0.20932838875706292
3,0.01592203421461546
1,0.060724894069280486
3,0.021898710636332693
3,0.006590454994164883
1,0.012043314613729815
0,0.04636859864740033
3,0.03619593197526624
0,0.09654398470820234
1,0.020628340866094032
0,0.028988161922150445
3,0.00787398035700433
0,0.0188385663782702
3,0.06629046919491824
3,0.031220455969781628
3,0.04693889136595042
3,0.05373960661438566
3,0.009600098055696078
3,0.06401446565552965
3,0.008242766980727385
3,0.019837638649913763
3,0.0480699709717208
1,0.013738345836255553
3,0.02253579413756944
3,0.016609475856832367
3,0.00514945200174526
3,0.016574817452040345
3,0.04522718353955371
0,0.2213727945315642
3,0.011812717774472912
1,0.019453954810643468
3,0.011214409415701529
3,0.001677030686617431
3,0.009731032001274441
3,0.01094983521707484
3,0.05673335942565502
3,0.0510442424599242
3,0.04698423828661472
3,0.031980178319509875
3,0.009426015989440607
3,0.013033467986029642
1,0.2686075231813901
0,0.15790864389807957
0,0.004454111901137084
0,0.012240667183131259
3,0.04339021634710539
3,0.05153703253696992
0,0.026608703461174246
3,0.038668432841091324
3,0.03268903242129697
3,0.014859284468992272
0,0.02897232054206463
3,0.021029961395038956
3,0.008756618740629437
2,0.01937365033736294
3,0.020725951596047447
0,0.02554780982325011
2,0.027764179044646748
0,0.019011036957861372
3,0.1360379900690089
3,0.025373108317169064
3,0.03351500772325628
3,0.09791909935968722
3,0.014958296277560413
3,0.008026484313000327
0,0.007673076780523162
3,0.005579449811952432
3,0.029897740513581437
0,0.018685464257817395
3,0.05019291961467453
3,0.0344967707867342
0,0.02012613548484828
3,0.008668934711610517
3,0.03187625089792002
3,0.039059275588356285
3,0.0413670930079248
1,0.09702451370979558
3,0.024764446455655877
1,0.15845380052179478
1,0.023779491444746982
3,0.00693735297735373
3,0.027058018129122903
3,0.060022233916850624
1,0.009690761169629535
3,0.013563723246097089
3,0.033416139989430035
1,0.07320900570717169
2,0.11068378668662132
3,0.060565905251742144
3,0.01381402928847281
2,0.03514988070901695
0,0.0238500807151572
1,0.05043663523354502
1,0.021218748350805065
0,0.030540502141178635
3,0.007931514582746498
3,0.012215675618512032
3,0.002360406232706169
1,0.17426224418724376
0,0.030597628191563035
3,0.039494929187690216
3,0.006788447664058506
3,0.01676384371697844
1,0.014362752196102576
1,0.019257619622685792
0,0.07747015667530052
3,0.005089684885985843
0,0.005229937282577975
3,0.052794536333221516
3,0.006440215271129813
2,0.018317244756600595
3,0.05215990919419487
3,0.0216282966978909
3,0.005876296237322951
3,0.0055964864549501725
0,0.02030777558022702
0,0.09116859285066245
3,0.0401042567822331
1,0.16316925468794408
1,0.029317217274512385
0,0.026574615077847294
3,0.11048575152344141
3,0.05106134405527822
3,0.018578098873738368
3,0.03257690105017544
0,0.027646855195088523
1,0.013166886314827143
0,0.07702081230691035
3,0.03764851510056162
3,0.009691353378997484
3,0.0030538341365747286
3,0.04397013569892423
2,0.04153450907912767
3,0.009665454773674845
1,0.015336712427149716
0,0.027621100251873105
0,0.029635741482234426
3,0.014021487478942598
3,0.08075626776487697
3,0.005428925431605008
3,0.04367253378630229
1,0.004794871389119226
0,0.053902343075793654
0,0.05431039811235513
3,0.020586152633050324
3,0.007274530367613974
3,0.01135340031307964
3,0.07177474408507802
2,0.026011256334633196
1,0.009654109247966013
3,0.01977866325858404
3,0.01244944475444995
3,0.005955317141124746
3,0.0032922732164591935
2,0.005922389188293048
3,0.01023333343456338
0,0.11300561441226382
3,0.0570543736173264
3,0.006339761807163417
3,0.04737256234368936
3,0.03330655063726952
0,0.019201524998535238
0,0.030933598495100228
1,0.010878818086590867
2,0.014598430545372531
3,0.054341532902224585
0,0.053999100305062206
3,0.010286667230654899
1,0.0198780720483844
3,0.006731856924649439
3,0.010483034464356545
3,0.007562525556176463
3,0.023369094572412485
3,0.044182294977163014
3,0.11739193177361629
3,0.01055951544138974
3,0.028661993143547043
3,0.03452622216515593
3,0.020639209590472156
3,0.03272803392133495
1,1.3837628976635807
3,0.048181884316125245
3,0.09389494545215463
3,0.013053113502805842
3,0.010601088618144081
3,0.031040172091540183
3,0.017630949893296482
3,0.06009418869832518
1,0.00749795058674571
2,0.009817026086446873
3,0.04109280825744731
3,0.008342581388104568
3,0.005835682282600702
0,0.004785178558942032
1,0.06602267592199836
1,0.04169686148337011
3,0.027448232350263908
3,0.011826424846528676
3,0.005377508228388024
3,0.04520683801490225
0,0.007585498247902215
1,0.05032673007675843
0,0.1252131489938612
0,0.04894004268458073
1,0.01936854623396822
3,0.0024412298577309913
3,0.02422022476641889
1,0.02559344511589711
1,0.012600200169680293
3,0.008886061301960914
2,0.011497286827161817
3,0.04390986234643032
2,0.012957586416152096
1,0.09383195518591952
2,0.026169853883711073
2,0.012345755485004179
3,0.008995996041833682
3,0.0016304841912146923
3,0.010900084185873281
0,0.03546344421648421
1,0.016557450549691013
3,0.009990115021794803
3,0.015352743195140862
2,0.11472946600819739
3,0.009826695539618367
3,0.06339854915562784
3,0.025562700143583063
3,0.013731688036647764
1,0.07840054453399053
3,0.028303721779723196
2,0.05042255309964337
2,0.004542927018187533
3,0.005667660697489114
3,0.14816692319232996
3,0.012312400709522837
1,0.011144118203707028
0,0.026376550512317687
1,0.09069728362705153
3,0.010185751826388551
3,0.007132015515087905
2,0.06675657001007809
0,0.025813590753927397
3,0.05272741188294343
3,0.011884165020850695
3,0.007857304645654355
3,0.12056796028726256
1,0.11479053884546628
3,0.03850467503886639
2,0.04413583081461088
3,0.004225639517162301
3,0.007922832018515456
3,0.03876256724289104
1,0.25644746791796197
3,0.004358343129747557
0,0.006660858224443081
3,0.009551256333771354
3,0.029903868284664355
1,0.01637603234167587
3,0.032996689478337435
1,0.047047706136555116
3,0.048138265827138524
3,0.01008006803907361
0,0.008579542363456929
3,0.020615937056958168
3,0.005415019800540094
3,0.05139858627313621
3,0.08562960817795127
0,0.03873966752015751
3,0.01886044997695984
3,0.02973875937058731
3,0.04942093504308899
3,0.032179961192019865
3,0.011612247714997515
3,0.019249186036630242
1,0.030521774817586333
3,0.054113638780221476
3,0.036716712997567444
3,0.036740583013054266
3,0.054713310590871395
3,0.008395610396724212
3,0.010166555351578435
3,0.0437622594510704
3,0.010215097367129142
3,0.029972077819690683
3,0.04385800583865365
3,0.037307842892525304
1,0.01641064625033224
3,0.019144051491441126
3,0.05156699498923572
3,0.11319858736875281
2,0.05040523890022048
3,0.006274154059342256
1,0.032214614135904804
3,0.07778555984971135
3,0.0374794786458507
3,0.05355093143541219
3,0.03231459927326151
3,0.012109929489165209
3,0.006241867908420211
3,0.03952051225638597
3,0.01082983901821596
1,0.05578880574277008
3,0.010702205358627733
0,0.018337070350216932
3,0.012674351601050755
1,0.02315793666154668
3,0.00539355763453831
3,0.0435980305232471
3,0.010798907651329516
3,0.015915766709533142
3,0.016297535164047108
3,0.005598773233814725
1,0.010296551662132336
3,0.011292956350447997
3,0.008033188762452733
0,0.05871316576076967
3,0.003505569715801444
3,0.007668399788687346
3,0.025160527817106877
0,0.06764502330854635
3,0.010347421015585924
3,0.1932796806157406
3,0.035673783525723396
0,0.1345759464817138
3,0.01609524553925257
3,0.002486841569294954
1,0.03345086305959326
3,0.003408488093758364
1,0.02023038884722568
3,0.011327474661340098
3,0.05703779123820597
3,0.04331316550880762
0,0.06242438662038937
3,0.007196675514672457
3,0.006942408030392018
3,0.04096956219618849
3,0.08498996727414415
3,0.0037175387369868325
1,0.020598037891703037
3,0.015142636201849404
1,0.09881258669538412
3,0.011246391064047973
0,0.018082226139294767
2,0.05303245897054148
3,0.030588854646884052
3,0.027023797810277268
3,0.009590033917090653
0,0.008054063620806422
3,0.007417721704569036
3,0.02784676528432617
1,0.07162586284104523
3,0.030500477475081635
3,0.1586311343894698
2,0.05777917198306995
1,0.07016885524409132
3,0.05629138771493822
0,0.030087147775472358
3,0.01455083163322965
3,0.03939837241314913
3,0.0031976102267786987
3,0.023233631370125428
3,0.04057728851039455
2,0.016160803617105608
3,0.011480207998006356
1,0.09751686367057776
3,0.012936547443250616
3,0.014126753992378413
3,0.009519856426075078
3,0.01168649393256825
2,0.014379288705475203
1,0.1228658140776758
0,0.010174225865301152
3,0.02830746073791622
3,0.018370809982194893
3,0.011788878647991476
3,0.011883692578065149
3,0.00992490362777302
3,0.05820464481061815
3,0.016084926003921647
3,0.05488046980856044
3,0.006237310474745247
3,0.03956196137169961
3,0.01104086119290931
3,0.008691105745037658
3,0.008250059412417748
3,0.0697839103080643
2,0.018203365590085455
3,0.0017555789605369213
3,0.009462497453765178
3,0.018818872607737888
0,0.017500787498277267
1,0.08400386330819358
3,0.030277008843893446
0,0.027985660403151327
3,0.025084266766484436
2,0.038569629803055484
3,0.008341186824814436
3,0.0281121598356645
3,0.028851336777583617
3,0.04342226047148541
3,0.0077054976659980115
2,0.04617479889321195
3,0.005101883666173863
1,0.051266945417556456
3,0.011608509792680594
3,0.02351997911922223
3,0.07185222410225181
1,0.14114506982059513
3,0.017526325258329537
3,0.014475249798625465
3,0.06540003092344393
3,0.03823419566675234
3,0.009822055594189806
0,0.11149762893940304
0,0.04938544132642006
2,0.056326221701013895
3,0.030105876539710162
3,0.006007670236690584
3,0.03941807582039723
1,0.11854263236705934
3,0.06224478236754506
3,0.03193767583423489
0,0.11236826286812088
3,0.02840331597091294
3,0.03356114784099136
3,0.009318266378439853
3,0.02277041116088652
0,0.004950457984565521
3,0.029956703608446135
0,0.021631806711970212
3,0.017428658288451106
3,0.034336369972758955
0,0.04337111191300201
3,0.05251200261404632
3,0.002769239934532219
2,0.027275213597715103
1,0.01709610572045412
3,0.010786998048171643
3,0.020469466399942807
1,0.03222003744385113
2,0.020544080326536582
3,0.033971964219508335
2,0.015824110056647876
0,0.007317567904317911
3,0.008279144061385902
3,0.026264461762393974
3,0.03537563735309989
3,0.007553876321036445
3,0.07086976711692311
1,0.043496561082543586
3,0.00902702921483459
3,0.04191782582228357
3,0.018255318768826943
3,0.0010978515308397508
3,0.011817000762800846
3,0.015182282788081368
0,0.0031594509372989904
1,0.03825529294179925
0,0.030332470514806482
2,0.0198639477701699
1,0.10645748398837379
3,0.06155038525708818
3,0.032976797952751706
3,0.00450420653143692
3,0.04313641560421133
1,0.026288507872154927
3,0.006950451752079224
3,0.004897917705360846
2,0.014182887120990341
0,0.08008462392559916
0,0.00951341637559835
1,0.02541160970358233
0,0.07147413238531176
3,0.021141724149421684
3,0.010504410900237491
3,0.0025713709594561707
3,0.06933503567221252
2,0.010152273420694254
3,0.005570012061368741
3,0.025861153296919608
3,0.03289946296486369
3,0.014501277846109113
3,0.07145800211163887
3,0.00462524846538735
3,0.07103820485920126
3,0.04777437389390718
2,0.0065230634456592005
0,0.0640616178359644
2,0.018013124784886397
1,0.0026093653691287412
3,0.07925616766641067
0,0.030203209101367944
3,0.006307418412850609
3,0.09369525432372762
3,0.0430586858565519
3,0.03416503437884498
3,0.03843913764040346
1,0.018864106120025814
0,0.09275612732469035
0,0.05681904520529958
3,0.006304832915647331
3,0.008300504689339815
3,0.006580916343269647
3,0.002442885029287062
3,0.061206540579806096
3,0.01818898531187786
1,0.0032514592869995616
3,0.004210718390372032
3,0.056581078258668864
3,0.028235486906319936
3,0.023435763376482233
0,0.041123168549413794
3,0.02339976730106787
3,0.04420576012316401
3,0.0446798969243497
3,0.017229123399344157
3,0.10500816098626814
3,0.007041074842520224
3,0.03789525613397693
3,0.034844752931975205
3,0.04527856805342992
3,0.019926838928314795
3,0.001247686091185788
3,0.010955738954752998
3,0.005277113529547585
0,0.020107897229587706
1,0.046926872593158246
3,0.04119858531653685
3,0.0216295636213039
3,0.1492817142023992
3,0.004444094560302934
1,0.01228858570231129
3,0.005264554633245102
3,0.04625820439203424
0,0.08058620909353359
3,0.13217709777122144
3,0.08997381962727403
3,0.0455290457676279
3,0.029022520503953302
3,0.03197656264885228
1,0.518413819576192
3,0.030107758706563268
3,0.006469373729140136
3,0.002682012725039995
3,0.012064142294890279
2,0.03350558970924267
1,0.02399345722077717
1,0.027444420037929185
3,0.009184711359902705
3,0.016561459750773257
3,0.027813922639572077
0,0.04328215235938308
2,0.021727174640364746
3,0.006653546377322723
3,0.07008644700866572
1,0.01581552355568662
3,0.026926475644200493
0,0.011034423515424616
0,0.01651992543499239
3,0.04171155139509737
3,0.026754911483401863
3,0.02243296094877551
0,0.012588025788107363
0,0.013811172340040052
0,0.006977857719696937
3,0.046488085151092
3,0.005357738706446551
3,0.0018703559020790464
3,0.06454062356322356
3,0.038895776911589644
3,0.041878013991769464
2,0.003898683542018848
3,0.006507289710831047
3,0.012657594547323181
3,0.03469686784165071
0,0.0538182700949026
1,0.0168724007523214
3,0.01985260777606606
3,0.009291211540397092
2,0.004727983778723768
3,0.008664813005823634
0,0.041885269869815625
3,0.030060904570469116
2,0.09582797942330035
2,0.03920877082407898
3,0.028834301144573082
3,0.014116172192417842
3,0.009540614647270969
0,0.028585229683506123
1,0.010003017813845478
3,0.006398275987442984
0,0.02979484817235534
1,0.053300968189974623
3,0.006354069858906459
3,0.04363646025506683
0,0.010921957389914702
2,0.025483517418673926
1,0.023249548346660986
3,0.0057917650278379185
3,0.04683482521153349
0,0.021194394855785764
0,0.03292459155765494
3,0.05866964237249835
1,0.5257022218533662
1,0.24716172327779237
0,0.04880493257805858
0,0.05147949953703193
3,0.011824231856188786
3,0.026440046545875426
1,0.08855113640447043
0,0.008244371692324486
3,0.015852499967223425
3,0.06000331514703335
3,0.02268268962345
3,0.020088650029999003
1,0.10183267321101316
0,0.004237005322311667
1,0.08710417297673825
3,0.022221395837382973
3,0.03250190270234943
3,0.04455700310582725
3,0.0059413037835636525
2,0.03224162969031214
3,0.008135286732791205
0,0.08835024735663564
0,0.02673104505777612
3,0.034164123336785895
3,0.006472057245467366
3,0.08788222027117633
3,0.013478433195510224
3,0.0060493165597714695
3,0.0592519248538983
0,0.005270195158574639
0,0.003636078551804957
3,0.045080764874522256
3,0.061068722971741235
3,0.007961144806704897
3,0.019588837040725393
3,0.05424292704532216
3,0.14131932731768504
3,0.028479723524467888
1,0.224136559130199
3,0.004883907072786497
3,0.023272930044854406
1,0.008131983028224286
3,0.048041681001489346
3,0.020455049001656303
3,0.014621350304019586
1,0.02791283287297487
3,0.04460109026540607
0,0.012168767507152749
1,0.10538671871635287
3,0.061913065400320155
3,0.04544526476332852
1,0.08503132503202274
3,0.03971310961620245
3,0.012917284150007292
3,0.008050933268076725
0,0.04785881958558894
1,0.008682780784122709
3,0.00659805192562496
3,0.022052080110651233
0,0.04311835412363344
3,1.2653384415501756
3,0.022690017417220296
3,0.0058453534769709594
0,0.029221092540560576
3,0.01493753023882467
3,0.015607284672995754
3,0.009783814243875357
3,0.006669156962417891
3,0.017556231351553004
3,0.023339165131860254
1,0.10087314172506433
3,0.02498154552010571
3,0.0020573053734608995
3,0.029949470830794054
3,0.003019355830558884
3,0.008539895842302235
3,0.007412878037573382
3,0.037809631146831606
1,0.007608544535219308
3,0.010857510436310041
3,0.0288253841847548
1,0.021017595445446385
3,0.016206304890349927
0,0.031083514606980254
0,0.01840277476008511
1,0.017274899255164886
3,0.020839557196639488
2,0.004763323874808055
0,0.026725236025101094
3,0.003545896706109622
3,0.03661867180768111
0,0.023557422152975852
3,0.008932621629535144
1,0.020829466408802105
1,0.02400579839507178
3,0.002948144796651251
3,0.011519868222764665
3,0.016630799768334436
3,0.015482849434171362
3,0.017093668612477995
2,0.008429686925680697
3,0.028036182354036574
3,0.007045992656838534
3,0.0402662604567379
3,0.022808951544935993
3,0.058008689475121514
3,0.005297957479613418
3,0.03399243737535349
3,0.03788609745817689
0,0.003937758184175328
3,0.0029784129376143396
3,0.009892833159416374
3,0.05512583984981988
3,0.039759729935454284
0,0.012199022638890925
3,0.1170839260808044
0,0.024101447901388292
3,0.04282035624955981
3,0.04819942294253383
3,0.15762755815502322
3,0.037205992052688104
1,0.05325652769820138
3,0.008151624659346983
3,0.02914262466415987
1,0.07635111318622136
3,0.010011361990895138
3,0.008223055271189487
0,0.0507717542234346
3,0.04625628976351586
3,0.009842196870162178
3,0.0055668753577579715
3,0.0029830002115526968
1,0.02898196381126864
0,0.12811213997246423
3,0.014463153912864103
3,0.023547166307106546
3,0.0031317651037046975
2,0.016815354379015945
3,0.005530750283881507
2,0.024085512412201714
0,0.01767204077520724
3,0.04448134859552934
1,0.042126455047076
0,0.08574208025148845
3,0.001901346576788265
0,0.018150235846218603
3,0.013928969781666429
2,0.1293189225017396
3,0.04101479759010691
3,0.037238352913104796
3,0.035375208126778176
3,0.2454279720164902
3,0.023771216298629574
3,0.05676269934760026
3,0.01492093626343938
3,0.03651027412170495
1,0.9250119538754278
3,0.02337008674741115
3,0.038842073256725874
3,0.026494924795957216
3,0.047069817497133376
1,0.009345712448652344
3,0.044300191306777044
3,0.017632499919618832
1,0.00491959805641947
3,0.040923208431121724
3,0.012303880495926305
3,0.012599315467709895
3,0.029562666546242657
0,0.020085712271757133
3,0.056849734715659114
3,0.017746425945218112
1,0.008275203253469515
3,0.01158843620695214
3,0.01518966569156366
3,0.0058722667036295905
0,0.0677744321740169
3,0.05517003510420949
0,0.020110225000920374
3,0.03626900475581894
1,0.00462043543650019
0,0.035959767816617055
2,0.0078743887077792
3,0.031072600927300027
3,0.03749942679923913
3,0.012269485621944428
3,0.04804885876666513
3,0.026920332265528594
3,0.02923063352534058
1,0.05809199196259872
0,0.1132729657125369
0,0.08739423291567411
3,0.03905096278210741
0,0.022094488169291056
1,0.12363876733812594
0,0.028082220004006456
3,0.013007893575963879
3,0.047599234542977514
3,0.008637341453678438
3,0.021000812786630237
3,0.011218194334543907
2,0.013512987269001485
3,0.03644739125596098
3,0.016093390020096483
3,0.008781688564477454
3,0.020541310667287756
1,0.041053055613783945
3,0.06171575621965128
3,0.026905856719279413
0,0.019426770262383805
3,0.01923706800390979
3,0.011222748965889682
3,0.00903308721000073
0,0.03675676056872321
3,0.034140278697943206
3,0.03590221230331744
3,0.00936032551598896
3,0.007806477063195058
1,0.08406833768234688
3,0.016520638649976892
3,0.02612930741263297
2,0.006356206547350182
0,0.03059547030004981
1,0.03324683031980851
0,0.016657378419339876
3,0.057229277595224996
3,0.03403647993050003
3,0.00954346503138941
3,0.01687315989746234
3,0.04702235769319359
1,0.01738862183060267
2,0.0074420977225156055
1,0.045452043690111014
3,0.06113720094240503
3,0.046923232023775366
1,0.02123725455981344
0,0.028680946755526324
1,0.03065853686552702
3,0.005155369180583713
1,0.004207409937041738
3,0.03943826396826999
2,0.05868058885300493
3,0.004726283494825676
3,0.009631268297908998
3,0.06633538519264039
3,0.03372802112712402
3,0.017005874805096407
3,0.014278834247906965
3,0.02552443381138571
3,0.024656912185820137
3,0.007935702144594017
3,0.028562303387264145
3,0.0013159557133421568
2,0.27020596517676215
3,0.03732540885479475
3,0.05929695093729425
0,0.06374491887959068
3,0.00986569302445292
3,0.008022746894583009
3,0.010904031703834959
3,0.04450824559707648
3,0.06157972238043786
3,0.025572960515517225
3,0.02707911363700633
3,0.00724345027052204
0,0.062342119658771455
1,0.052351203586243074
3,0.035548868912497825
1,0.04707030399929166
0,0.009486609339115708
3,0.013030768157330518
3,0.03670529474674615
1,0.028333793279880504
3,0.06548729626541273
2,0.021105209804536486
3,0.05416723824156403
3,0.007177864032629349
3,0.03796971673569911
3,0.021997876121156706
1,0.052705654345932336
3,0.002326729584110168
3,0.04628450251335502
3,0.04013820473388198
3,0.003684049823268487
3,0.06173297572530198
3,0.01396419182797367
3,0.0509539967184353
1,0.19559932618860648
3,0.009529350958679298
3,0.013928016270273473
3,0.036318099294402745
0,0.024857085659662284
3,0.09906793190614621
3,0.0031902577974540335
1,0.023050560583138004
1,0.16036168210348256
3,0.006507686395639029
0,0.03386855462326433
3,0.005928561183690833
3,0.034286308251807646
0,0.01869101496803763
3,0.008855039328673696
1,0.055256523573665756
3,0.009426738307914108
3,0.020586867336867223
3,0.014973811099766747
3,0.01716342647663901
3,0.0019520108688242663
3,0.007259296867565839
0,0.008561231622650857
3,0.006518058291893584
3,0.10824892318379772
0,0.059218606731559556
0,0.01582616093474791
3,0.021561167719838063
0,0.008416943071331968
3,0.03331222137360217
1,0.05665876733318673
3,0.013013766110908133
3,0.005081081215234088
3,0.01587183047388421
1,0.009587704284765266
0,0.023177013668172798
3,0.02670638365994075
0,0.014680054548735437
3,0.05270556753890803
3,0.03241613999752889
3,0.0055231108519763995
3,0.03501058028868874
3,0.017487094457797323
3,0.012400394851658347
0,0.05122478284622694
3,0.09506720670393361
3,0.009894109844055485
3,0.020459917557789694
3,0.010683282042716775
3,0.018929999373828377
3,0.012614717361749335
3,0.017460728243206276
2,0.010473543488938367
3,0.009744466273987479
3,0.01153849059047603
3,0.024136446266936472
1,0.015577330420954993
3,0.04742384434928466
3,0.007878456545957506
3,0.004505168957147586
3,0.008391098812866394
3,0.010431561589994705
1,0.15203349904410005
1,0.03299706847537136
2,0.023612299205192762
3,0.027480559457298773
3,0.007689015556550789
3,0.02523456663681963
0,0.009508422710953661
3,0.04916850589735082
2,0.007885672999368525
3,0.02026527107028673
3,0.014307455409858155
1,0.08524688878558853
0,0.021966731953834324
1,0.09403594866079899
2,0.014327451481327667
0,0.08516017939407684
3,0.009519831882657188
3,0.09822560247426605
1,0.0834929732586997
0,0.05494374764407068
3,0.04565206629396463
3,0.059511606490204594
2,0.011016555026106552
3,0.04825819097507517
3,0.01400183686477633
3,0.010822248024093144
3,0.008907741223081292
3,0.044853089460324284
3,0.008220260689086527
1,0.019481368862702804
1,0.013397123598425646
3,0.025133455809861725
3,0.04115564427862127
1,0.030982006153046547
0,0.008030981807326053
3,0.06330209420854119
3,0.006950295750236247
1,0.1314136910801496
0,0.07965733369667806
3,0.05698497227870848
1,0.2045185095251624
3,0.008888638244206366
3,0.027329425889953348
3,0.04240052531817446
3,0.005686686462958033
0,0.007090600084748359
3,0.045932536524044894
1,0.0608217928487406
3,0.018991510604494034
3,0.05351128350142841
1,0.019333596702529786
1,0.3090029270706972
3,0.0033790687518264017
3,0.00941783579328367
3,0.012851302444341088
0,0.012141358282830758
3,0.02479374834643514
2,0.0018292320511392262
3,0.026395282664091028
1,0.037865106733498466
3,0.021666335024254156
3,0.029090421984015916
3,0.05627117676616163
3,0.017413346103782375
0,0.027236241814900856
0,0.035047486495256464
3,0.008800885979414233
3,0.30410980118268116
3,0.008076241829954804
3,0.042517366399266635
3,0.042602282645596366
3,0.0363923748468534
2,0.012942136088745603
3,0.05337885531322773
3,0.005866141834655539
3,0.004649446562295242
1,0.07718235522180766
1,0.10662426410066736
3,0.00852930764884528
3,0.010390831387627336
3,0.019001863950836338
3,0.03115140407325935
0,0.0557259523470873
3,0.026862384837982485
1,0.6907899675363824
3,0.006003299570222923
3,0.010774362924757728
3,0.006893907885895797
3,0.0049126999711210555
3,0.267800423361918
1,0.012113729023933996
3,0.0384008936639244
3,0.04042282909680514
3,0.006005463917604948
1,0.05211050113515251
1,0.03020529988488651
3,0.022324344747866556
3,0.02430660506656755
3,0.013022446066704125
3,0.11213532387840014
3,0.008261364628214555
3,0.021010836513857337
3,0.047359572868725504
3,0.008012363017953002
3,0.014128472186000614
3,0.018965744752241276
3,0.014846503246594554
3,0.018007444771842393
3,0.029738812437588212
3,0.044024690425203475
0,0.4025296563185827
3,0.0271788580562465
3,0.009411704185675853
0,0.02105500923897729
3,0.008875962311588628
3,0.055183053517104924
3,0.013227139326704872
1,0.007380273755851644
3,0.021403768334472016
0,0.10348063602364813
3,0.016700247049644117
3,0.000895618933822851
3,0.04328772705410154
3,0.004877694962904236
3,0.005938258710790836
2,0.02677812992177137
1,0.13499001640263025
3,0.037404953425382886
3,0.03205331969654888
3,0.01147549057475833
3,0.024073174572996275
3,0.03309821980610956
3,0.011765632632353204
3,0.044915340640685045
3,0.046062944612732255
3,0.028941618479933776
3,0.005564092070322827
0,0.03769103349192494
3,0.008240440816523132
3,0.006902015252709892
3,0.022634560229414423
3,0.0028033877931724228
1,0.021922781306235588
3,0.0301074226943814
3,0.05034469647583314
3,0.033796491440765936
0,0.053103197425720935
3,0.005810325034110632
3,0.012942216111476652
3,0.011892917915581357
3,0.005778404812524154
2,0.012350179291904649
3,0.041571429448144695
3,0.054255226555960524
0,0.019296358208666466
0,0.08427113554570174
1,0.0320472294752179
3,0.015261572669569264
1,0.011574649755042837
3,0.003396032342150246
0,0.01982334927647183
3,0.014232233910623624
3,0.00586565311455894
1,0.019401605598381607
1,0.0206060647033725
1,0.033252922531943716
1,0.015452530553072654
3,0.04212853290967334
1,0.025960645057175217
3,0.04427454004607527
3,0.05786311026059344
3,0.011185006702730437
3,0.04801635505509545
1,0.04672465505808175
0,0.015415855800330917
1,0.009389535134820633
3,0.002941685601644964
1,0.009241942599033815
3,0.003933442412402689
3,0.009020880014861043
3,0.00732855016242015
3,0.048472153796802336
3,0.036630794588782815
1,0.06498742376468494
3,0.01036438149094459
3,0.028431908803901135
3,0.06064067717082456
3,0.02278283158079362
3,0.04405874814639822
0,0.03186795682038474
3,0.029430502029706915
3,0.023368177136163147
2,0.009473832008360017
1,0.003587720609793139
1,0.014873307307542046
3,0.01145609987938215
3,0.0049206334815877165
2,0.005018192166801905
3,0.018033649992655207
3,0.018163819147055477
3,0.027079176583398465
3,0.009798886841466289
3,0.021482426994233108
1,0.020216271280030666
3,0.04813230321957435
0,0.49370132524450666
1,0.08858601403321222
3,0.010525030133037913
3,0.016662330680279214
3,0.01749655913304034
3,0.013755243817845677
3,0.012860376946846998
1,0.10845146570847135
2,0.04521192425985914
1,0.05996481855240825
3,0.004387658012427246
3,0.010721280920548958
3,0.01598303706763258
3,0.05064199605095727
3,0.02284530517962698
3,0.08937778218966115
0,0.017132306500585778
3,0.002322587383233397
1,0.014514462067333724
1,0.02118874958147058
3,0.015202353412589685
2,0.12884996576277408
1,0.03582677899935583
3,0.026063310589703244
1,0.017587538408282758
0,0.030731608888703
3,0.004249166853645145
1,0.013462897669982453
2,0.033450819915255336
3,0.034905945091767324
3,0.005664289751485022
1,0.011470865537417876
0,0.005387454359632508
3,0.00915390232048575
2,0.10004770373806005
3,0.02284399354164252
1,0.11459622665439378
3,0.04195972246936398
3,0.020648312189187203
3,0.025237620898115407
1,0.01633659859615836
3,0.012059574636405272
1,0.07757762430329845
3,0.013383918364454682
3,0.011139247828482902
1,0.017323481743954147
3,0.02477908807741499
1,0.010563235582892044
3,0.055515003933617045
2,0.009390618363065904
1,0.038856827094644844
3,0.006549868586600245
1,0.1226219372482552
0,0.07757817216674204
3,0.015915089954363464
3,0.026809980465546075
3,0.010908988617350426
3,0.03132795992102783
3,0.027731304598894977
3,0.03547717851912965
3,0.058321354795960616
0,0.030565848959912933
0,0.016120986050331635
3,0.07927050066950381
3,0.007292756262743045
3,0.00388761952832767
3,0.02565568036292248
3,0.012155449614344024
1,0.029239623805804988
3,0.04495989744726421
3,0.010638852801687432
3,0.04210434702548253
3,0.052024478216793284
3,0.05067164791414348
3,0.05102414106224973
3,0.00778736723273963
1,0.025522994187566136
3,0.01952750312499189
0,0.11548667791197337
1,0.02539915355658231
0,0.12697207827984583
3,0.040236709311682835
3,0.013171680371544654
3,0.01040443480308936
2,0.019990236799150202
3,0.06596648339815771
0,0.08155548122350856
3,0.14192912756357473
3,0.026283950434402688
0,0.023983543976472996
1,0.007393218936625449
3,0.01632251338913773
3,0.029438928613277866
1,0.04953373267836939
3,0.012604859717766667
3,0.0020610420567372797
3,0.16733347163026233
2,0.010091759950081948
3,0.07435746606118661
3,0.020315791842949963
3,0.013015397083997134
1,0.10743812635660456
0,0.0314687205901084
1,0.021307875998107646
3,0.056402545372565775
2,0.018854634332504824
3,0.006619550430236576
3,0.09353547772793286
0,0.018148829370103634
3,0.04402506303404289
3,0.024676631109684093
3,0.003436806247004972
3,0.00691958401959436
3,0.030948874362893168
3,0.019982300836958972
0,0.040017652373449
3,0.03298029956775132
3,0.03976561874035629
3,0.0031952262950402477
3,0.007817180200434565
3,0.029721245111940815
0,0.04176120624452617
3,0.014319333542410415
3,0.08121930246695691
3,0.009656819043476057
3,0.016084760694929496
0,0.018752708480077554
0,0.0484935832627839
3,0.013933271155815777
3,0.03136235957016162
3,0.0022068603841934216
1,0.03396193460286952
3,0.01532561865521692
0,0.07042203539656498
3,0.005709879264494239
3,0.009604522772627237
3,0.024047794503301228
3,0.009150256554507501
3,0.03991791024202979
3,0.031984330263362774
3,0.008184478977979154
3,0.03238926265547719
3,0.02810706384174608
3,0.009941089058279534
3,0.05552067372407154
3,0.033890622872204276
3,0.016569167646261714
3,0.04798363925131008
3,0.016259804202744692
0,0.0644902766570114
3,0.008433290779728216
3,0.04054878271750081
1,0.24584071700597085
3,0.02769061728680241
3,0.010317529247395917
3,0.010003177293835652
3,0.03156389657180698
1,0.047554229231314665
3,0.007135725707030019
3,0.036395644539707075
3,0.03438070040814676
3,0.03385173418903954
3,0.012715088653528266
3,0.036246347551117046
3,0.033588724535434156
1,0.2119228551136882
2,0.05999561804785923
3,0.0118261220132971
3,0.03943807714839734
3,0.023541074587373367
1,0.10571946751659178
3,0.029371523258199854
2,0.0032274623537207952
3,0.008097460889224911
1,0.06657827855856138
3,0.03288062403113003
0,0.09113558039631665
3,0.00918184121420802
2,0.015625305800105835
3,0.0023187098975201987
3,0.005995515880587778
3,0.018925764081430378
3,0.00884379422050132
3,0.004601680670358428
3,0.045148299328806166
3,0.0025364515153028237
3,0.02338001601508808
3,0.009012595673724212
3,0.025230805471004574
3,0.015637034160450394
1,0.004289571937605624
3,0.18357417032037987
3,0.011359062044957489
3,0.008533875413978476
3,0.038727049526147174
3,0.038667678526611744
3,0.00566573152980599
3,0.032147568742015555
3,0.054190412617375734
1,0.04664579339508246
3,0.021717689855385598
0,0.005712539522632621
1,0.17429469998518313
3,0.012304964311818876
3,0.009728144603684217
1,0.02866370490960999
3,0.03920845307555771
1,0.01680631555759912
3,0.03421710092909142
3,0.005867800789225984
2,0.02700409726636429
3,0.011494461887302966
3,0.006700282816430614
3,0.06142296966883258
1,0.02403837144407302
3,0.009252400172301244
1,0.10604297261464969
3,0.007627302897196047
3,0.04263088188789119
0,0.05802009450392001
1,0.029507857788759303
1,0.08300987693869419
3,0.01664909448533933
0,0.03569950889968792
3,0.0363501991307889
1,0.019463374006304875
2,0.02265463512968298
3,0.05826345308096584
2,0.015371272060717896
1,0.011293888492373342
1,0.03546592434627588
3,0.00988866270799879
3,0.00549385390222707
3,0.02299170491231907
3,0.02751257876347197
3,0.038745727638600985
3,0.004773729142588752
3,0.0021480073038039446
1,0.017220910024244
3,0.01567264752768657
3,0.0805904714110122
1,0.01246204720858049
3,0.007822818545468131
3,0.0284800364898738
3,0.02649917844746238
3,0.0060599704219011456
3,0.0039181146852954
1,0.006403471986340073
0,0.08835193383574252
1,0.01331912289012116
3,0.004671859620168672
3,0.00869212538779119
3,0.028466676992469273
3,0.049329386556329534
3,0.014453801881365073
3,0.009777402548095516
0,0.12016622330402062
1,0.06765255417471075
3,0.005067894695835643
3,0.026612684027958786
0,0.02407119670678923
2,0.01952219207308087
3,0.0012961749991191663
0,0.018081916715442996
3,0.03374551567187929
3,0.00984177846684341
3,0.01304725298370579
3,0.01479218806092371
3,0.014728253443261044
3,0.009275065505481447
3,0.027778980599632443
1,0.005093177011465843
1,0.01844716583122529
0,0.01846504615885445
0,0.025876931782214094
3,0.06125015288802986
0,0.016244528573654694
3,0.007684793508962506
0,0.007619457071133722
3,0.027700321229055865
3,0.010924707384834326
3,0.016889977051800915
3,0.04842994800515808
3,0.08043721138335186
3,0.014844215490802585
0,0.01809160073547749
3,0.024739326925825592
3,0.004687434805445414
3,0.008554625809993764
1,0.0631031506609365
3,0.009673988844043255
3,0.0038748884414056667
1,0.06513842095734092
0,0.03216692908245881
3,0.009169975646523259
3,0.016023327605223816
3,0.007715578903776133
3,0.07599677635080139
3,0.004046154540403666
1,0.05887975974294246
3,0.038914681503934796
3,0.02413456704208994
3,0.12712478395033266
0,0.0814236995350453
3,0.028341475071772655
3,0.011883784278788879
3,0.01179131886108822
3,0.03833217279529343
1,0.026725452249863352
2,0.007655481395837913
1,0.1847512154569544
2,0.03431826844776247
3,0.022394954718034783
3,0.024820548168642584
0,0.014361447088990172
3,0.009051546496442945
3,0.0427838348638662
3,0.037693079220920196
1,0.11752227652385994
3,0.007747456424735496
3,0.01664813751581709
1,0.09571663469740474
3,0.015870267275614143
1,0.06665555301779934
3,0.023037052476958825
3,0.008658131161785775
1,0.1558744539012305
3,0.0432235882834359
0,0.04449829283502592
3,0.004020557933396286
0,0.0293814129285625
3,0.028455203846468064
0,0.2424568972647539
3,0.019418003189702715
3,0.04605872948545289
3,0.008506776534095501
0,0.03286192119457608
3,0.007623489530603984
0,0.012894020819037864
3,0.04041753136837235
3,0.013119388681038128
3,0.007038212142183802
3,0.0014986250319452043
1,0.05642087256880001
3,0.010507751178350844
3,0.03466559442427924
3,0.009825844105908357
3,0.006792592149397111
2,0.004423872910364156
3,0.05486076143083422
3,0.014046435266752876
3,0.010622312477745382
3,0.028608633519095896
1,0.015289320870572805
1,0.044823250746202824
3,0.024323642640370825
2,0.018244233284804914
3,0.017463072182465053
3,0.048771131547774946
3,0.0051517720239105565
3,0.18513303471767095
3,0.07597392871417791
3,0.028967247864932228
3,0.022395224725053828
1,0.027656120891220395
3,0.014077952878037767
0,0.04412420644024126
1,0.12380441925333853
3,0.009094636328168218
3,0.005161631310579681
1,0.06774913467689415
0,0.03481029511704637
3,0.008649428275237257
3,0.015711839599720258
0,0.04175841370470236
1,0.1557201967731991
1,0.07285207092056425
3,0.029690529829133987
0,0.07685015456729513
3,0.018476448934969806
3,0.009896354798179536
3,0.0099415281199453
3,0.021533026158439435
3,0.01373900351035327
3,0.005013199098983618
1,0.0160186427301269
1,0.008600732905242105
3,0.0827034835280813
3,0.04479614103311726
0,0.055035867146094604
2,0.017135783951457848
1,0.004839121314179143
3,0.006447039465133934
2,0.021678932299278007
3,0.02005295066132723
2,0.007154053556535243
3,0.020233922540518576
3,0.023932903313191388
3,0.01136797627581416
1,0.023840138430813455
3,0.0464474521473146
2,0.012041519773912593
3,0.010677311165106024
3,0.085444390784941
3,0.011005776357280348
3,0.007586375535950333
1,0.11274000104201656
3,0.031306422168752575
3,0.0342786203813384
3,0.00337300942900377
2,0.012130474922250823
3,0.04052036068647028
3,0.02270119341461481
3,0.02278096614871396
3,0.035188782466834996
3,0.041539357735336006
1,0.03391808811876399
0,0.010017606400600315
3,0.05210401739785339
1,0.1348361601796455
3,0.007135656064348752
3,0.027809879904347252
0,0.03185045853749617
3,0.0526715895195872
3,0.011050512316159297
3,0.00854890791197592
3,0.05496082537836412
3,0.008362626147866856
3,0.021877497124381917
3,0.038716009348958684
2,0.016671947219493208
3,0.07685636150790108
3,0.0066326750103607186
1,0.012272289076339479
3,0.04055371429669718
3,0.029126497021099342
3,0.022015428278427392
3,0.01420616234552695
3,0.032448923533341584
1,0.023293527312006138
3,0.03516827179669966
3,0.048549622321447675
3,0.09180728817595041
3,0.012921162002904826
3,0.03995505129029446
3,0.010256049565813528
0,0.08115901992870406
3,0.0051123078330813825
0,0.022676064002526086
3,0.023642406494948563
3,0.02203231202043373
3,0.010564178575833796
3,0.03928201690406667
1,0.03200770689582448
3,0.047432780344561214
3,0.028576050556412606
2,0.021099780304869434
3,0.01837003565353271
3,0.03778336268436829
3,0.038696192546793455
3,0.016690106837014794
3,0.004323549202109248
0,0.00554037836480629
1,0.022632448938304427
3,0.010494376734638367
3,0.059919956038042566
3,0.011385448118095153
0,0.008381849743491742
3,0.035975160068040274
1,0.06595110990276516
3,0.02512871544634428
3,0.02858033810060403
3,0.005668316670756734
3,0.045119048728966736
3,0.005319568564308203
3,0.01286175241003434
1,0.005954678375890817
3,0.007757735896028143
3,0.024827926083295357
3,0.001524944556666892
3,0.030783210886294435
3,0.015038123226427284
3,0.015421949372411488
3,0.004478879609894615
1,0.12425051124206497
3,0.02256589105675401
3,0.019351931060078417
3,0.01331620347366456
0,0.027538396644926237
3,0.027350782599298615
0,0.1097490444710645
0,0.08169365520970598
3,0.027619512527713205
0,0.01088199728948527
3,0.06459496299987609
3,0.003025207500723249
3,0.015120419605327099
0,0.10114052797466609
3,0.034366090566803835
3,0.05332437200759328
3,0.006467953628891973
1,0.09426090379732609
3,0.16115679383921414
3,0.08835600261872535
3,0.399973358627065
3,0.03896188991540839
3,0.005793056251201286
3,0.031973489156464086
3,0.008506726592348772
3,0.008271455021645932
3,0.019881294206216128
3,0.01885672820022462
3,0.021715428670750436
0,0.043975741963164554
3,0.02334735733926962
3,0.008830294988703063
0,0.011975090831061071
3,0.013745152276550595
3,0.04806692684507124
3,0.028045509278644135
0,0.06824666184832748
3,0.03001079994674841
0,0.06404274259562695
3,0.04552524480490162
3,0.04983175475497515
3,0.01302496175515051
1,0.027175151600686002
1,0.03814373178698059
3,0.039780939895530096
3,0.009918951745355155
1,0.053560732831913656
0,0.05073836732058011
1,0.07012206063484847
3,0.0068313667370427395
3,0.025613198908036316
1,0.486129698797906
3,0.043332288341973654
3,0.011472944599809218
0,0.07743492205628054
3,0.021720702880780943
1,0.08965441621758238
3,0.03784636336655366
3,0.03289447265015191
3,0.04929422936856968
3,0.014626568600227131
1,0.015588836267222534
3,0.060427116521534686
3,0.0130597094122384
3,0.02788320414143974
3,0.026834995042182088
1,0.013662813382959282
0,0.1220458516541471
3,0.0021228965030610806
0,0.03395520663512122
3,0.0060423438069246915
3,0.024350701510526485
3,0.05555357840064076
1,0.022372349399124063
3,0.03021671574582468
3,0.028298101761680412
0,0.08384026593814388
3,0.003996543144652006
0,0.010478140030229642
3,0.018362670855767274
3,0.0024254453617426636
0,0.05403417036415376
0,0.12356289670706654
3,0.05610144780118614
3,0.023814911853655966
3,0.12159667313780866
3,0.17582707218209123
3,0.012677614480957427
3,0.03381431982860483
3,0.05275195280499423
1,0.23225387344711798
3,0.00710873531836448
3,0.03483200428674872
3,0.04604467657289429
3,0.009192308651611858
3,0.02258634406720235
3,0.03427218719463531
3,0.014519341533526738
1,0.07886592042966391
3,0.009369027120756943
3,0.013339264388633237
3,0.061199671631862476
3,0.01092708773585074
2,0.03464019432627886
3,0.013963224219898719
1,0.06218617194448428
1,0.008140993940968554
3,0.07533158906443674
3,0.016792730512096114
1,0.106474190578078
3,0.0466367812826399
2,0.005223821167533181
0,0.06014653147489257
3,0.07664684410741102
0,0.0228611338890205
1,0.004430970939386755
0,0.061419587803625025
3,0.019293201712865873
3,0.004545558299152918
2,0.007588821450803879
3,0.020631428795197533
3,0.012569269658775492
1,0.01718121177255178
3,0.03026367327703113
3,0.025615091921406544
3,0.021255450131875107
1,0.0024150510723522324
3,0.004552009880758929
3,0.034698226535757506
3,0.010080441660765153
0,0.039734921627663455
3,0.02428715783884605
1,0.0593032230331199
3,0.0037984277295066387
1,0.07436571761407407
3,0.0732638250512536
3,0.007569701807898965
3,0.008736480686558431
3,0.009363806045044986
3,0.004629012495544676
2,0.01467060662610983
0,0.05445451335098951
3,0.027495318013995382
3,0.00949625762613009
3,0.04519415488629995
3,0.07198914340458443
3,0.029523810710678673
1,0.16921711339725215
1,0.024592017914671117
3,0.013583496666158204
3,0.005808705307940864
0,0.06728665479960175
3,0.050681210763695174
3,0.054912361385895156
3,0.1625172014230441
3,0.0072050280798464416
3,0.004215230975529392
2,0.29330862614284225
3,0.0022979681109143303
0,0.010004129669812916
3,0.005219142348946784
1,0.017992850684096402
3,0.042923667881862464
0,0.018546041499036825
3,0.01847895615808898
3,0.005429756301709222
3,0.05143100655874374
3,0.00848309971749932
3,0.014770217435045054
3,0.048865882859135054
3,0.0478758876968853
3,0.06841788371685978
1,0.018836741822995332
3,0.04713671761082437
3,0.0241908517682025
3,0.0860052927460516
1,0.026479824841713902
3,0.051831326148519194
1,0.02221506382458766
3,0.014626205687743952
3,0.03922423293717536
0,0.02013592159937721
1,0.011704894029581022
0,0.02007829507472277
1,0.0399426142877611
3,0.08417167216639913
3,0.09503220956726167
1,0.093376944389823
3,0.04659011034901713
1,0.0862515262904307
1,0.03905896525594718
3,0.011092706642493051
1,0.03144262140403427
1,0.08138027068814561
3,0.062300414192028745
3,0.05026660778587547
3,0.02090032432995664
3,0.02931747639801791
2,0.02913777503196722
3,0.014331431248494543
2,0.014361540729896935
3,0.02491905121147233
3,0.5368051835360613
3,0.01222571716666457
1,0.050175035431337264
3,0.035274495054347876
3,0.029747932426913266
3,0.017756147275714812
3,0.028053628855827743
0,0.14239596423660614
3,0.03818722334617412
2,0.024399262675322796
0,0.03571930585656859
3,0.015350042078280012
3,0.002527288432152924
3,0.009196501732066056
3,0.015147361636721245
1,0.11167744962654559
1,0.0276956155439656
3,0.016615605385405526
3,0.016791222868199552
3,0.14046468416200567
1,0.14281055964214137
3,0.03084288497422514
3,0.005614343370162583
3,0.028408020447962
1,0.08108760024467423
3,0.05993421915079338
0,0.044863529431616186
3,0.010423900145872503
3,0.00987756072855478
0,0.3910936994095439
3,0.007714945932634864
3,0.0039692160602988295
3,0.001647537756376555
2,0.02692756189720532
1,0.021223196197847658
3,0.007699081207781138
0,0.04167914519051522
3,0.053624763495080226
3,0.02393165194266738
3,0.0023497434722715782
2,0.01560034355389562
3,0.06273885854099757
3,0.005900726774955141
1,0.033915941497188774
1,0.057448436516234866
3,0.052358558431071595
1,0.009565512104608096
3,0.022968007229611842
3,0.024935639800662674
3,0.02499877698254607
3,0.04969279092039211
0,0.030118988248710073
3,0.0030722699510287274
3,0.006734350839293279
0,0.044484195438778254
3,0.011190260438733907
3,0.013638749284530786
3,0.013055493297044866
3,0.06569203988556145
3,0.019788566977910097
3,0.0032749211072212714
3,0.006114862153462524
3,0.001490382306146847
3,0.014892624282694665
1,0.053042734772715226
3,0.00394313807813346
3,0.048464712373581735
3,0.020471571549841045
3,0.0173659389126818
3,0.07492344890785699
3,0.005419908091108318
3,0.00891112024546566
3,0.05846855735580988
3,0.0736152816210417
3,0.08188405329633995
3,0.02694767037460977
0,0.007936286988168787
3,0.051472881076512114
3,0.023470258416662556
0,0.05251694517391002
3,0.005098435873388528
2,0.009398331397342445
0,0.01058181757119703
1,0.005988488704210012
3,0.012432273351658092
3,0.024817419054894426
3,0.021115589247261198
3,0.02321866734804088
2,0.013332806536168532
3,0.004308390612470952
3,0.036302640766188415
3,0.03783161619344763
3,0.02651673932972698
3,0.022525441443927353
3,0.04846027709584325
3,0.03590235148084622
3,0.017341222058778888
3,0.018479406333614713
3,0.013591434338326405
1,0.017440014035360284
2,0.028971075217737587
3,0.03852887196990059
1,0.02461700717585898
3,0.009298165561040322
3,0.007782313275143427
3,0.006766860013179369
1,0.02176803970928408
3,0.009077142291321437
3,0.00547754787322821
1,0.04846213057075239
1,0.0016393492051750584
0,0.01812342166358963
1,0.11115015608804271
0,0.052203225782571604
0,0.0440467145156718
3,0.019754396619643046
1,0.010060245852295714
3,0.014804635718117317
3,0.03495380979416236
0,0.01415954537569761
0,0.11155820736506945
3,0.022952287765662997
3,0.048662234323406404
1,0.07458027330818706
3,0.017160916725159122
3,0.05239128801407335
3,0.08198662156524754
0,0.0032897859266325957
3,0.006859759998854746
3,0.045186469956825306
0,0.007202033449008686
0,0.035873476741912436
0,0.022867496858942512
3,0.006656015389113567
1,0.008980889353335663
2,0.008697147229996269
3,0.007806169574280444
3,0.006515166911971231
3,0.02153605418879196
3,0.050131950565699974
0,0.034308428214286826
3,0.07230329870614582
3,0.036955920163338075
3,0.02057548828561136
3,0.009793438714660728
0,0.05242874250311699
1,0.008767459279657407
3,0.02827437445216601
3,0.004572028160887561
0,0.002848871403833625
2,0.005909954688270911
3,0.00742538135883957
1,0.042385602969144884
3,0.06861786483071813
3,0.04438208220804421
3,0.009241988426213257
1,0.02853754213580671
3,0.005586746084097051
3,0.03205887166833638
3,0.052458502348375374
1,0.08046344400884888
1,0.10007703725683882
1,0.007505116271466399
0,0.11453518391575385
3,0.024812279363201326
3,0.00730664340259761
3,0.026624410233076875
3,0.017071771669392673
3,0.034800190329072965
0,0.017959847305131588
3,0.016312185258932
3,0.01803022975153855
3,0.007707198059152107
0,0.0337412651913404
3,0.0045944655032214765
3,0.011453871649512273
1,0.007567491838402219
3,0.035840601561224775
2,0.0159539983738115
1,0.002843696305762595
3,0.03143660447344368
3,0.050341320378063145
1,0.1610013195678152
1,0.01571678616503594
3,0.010584930653526883
1,0.21239295216038354
3,0.008004100699242074
3,0.010899478449175583
3,0.009683946311935377
3,0.08591319115702581
3,0.021118254783604393
3,0.008027639858010457
3,0.00866775211141113
2,0.0761881532290597
0,0.006458913118082666
3,0.046342808287507774
3,0.09119621000772438
0,0.036365280169901176
3,0.020344624112128597
3,0.007849268284379415
3,0.004719355204332077
1,0.02494422235382622
0,0.03362228745313555
2,0.009328990063101235
3,0.005895163415127586
0,0.017827777157310445
3,0.024334428603707804
1,0.012038344871098328
3,0.03037266437597747
3,0.006516395711893949
3,0.03522661877663409
3,0.01668195449639164
3,0.008598893951419986
3,0.01699537768362918
3,0.032455402227023075
3,0.14833877825449984
1,0.014551338242035573
0,0.20469721023405668
3,0.06518621341437981
2,0.03319637022646292
0,0.012264743153474113
1,0.0876162197274061
3,0.00604231259452554
3,0.022572024707798708
0,0.04457118409042781
1,0.12459994510609772
1,0.06836270491191841
0,0.016453391940493934
3,0.025624033221427485
1,0.020921111678295783
3,0.05721578628839204
3,0.008266465224655746
3,0.0037465460488452984
3,0.04027645455353956
3,0.015492081306958354
3,0.005258517465289366
0,0.03344427855618171
2,0.002613940233951774
1,0.03493630561255855
3,0.03372334698770892
3,0.02372566378618672
3,0.07565611007004137
2,0.06075007828316599
0,0.06031425390259008
3,0.014171175053364054
2,0.06406431268843321
3,0.03611997124515014
1,0.009164484856199227
3,0.009911090229898039
1,0.03298550442167926
3,0.06496002512620327
3,0.07742828702532788
1,0.011329609077353978
1,0.09922331035611888
2,0.011735632689218586
3,0.014036903921512701
3,0.062370846948177364
3,0.0194722885107897
0,0.01212452582121819
0,0.06914491206028371
3,0.011286246700643841
0,0.016326007312368575
3,0.0018916378560235438
3,0.016915434740466112
0,0.018243015596311953
1,0.024084252669493808
3,0.04093822900781173
0,0.03245335368605091
3,0.007429166295820263
3,0.011515652137300984
3,0.007104469863570297
1,0.016141133845750347
3,0.014844523461232911
3,0.024644278437565666
3,0.010875718760898184
0,0.033113587238270084
3,0.049440666064362225
2,0.050555309732160894
3,0.002158856941972091
2,0.07326865671798131
1,0.1255668771698322
3,0.01562363147329973
3,0.03764822153981638
2,0.03361064850387873
3,0.009569395742728583
3,0.0010474203386931357
3,0.016985328520325103
1,0.042580334714833475
1,0.009498667929921767
3,0.018182195463529983
3,0.0695466771816127
3,0.006817465091431976
3,0.019005832452534933
1,0.03571394542299582
3,0.01390335218808758
3,0.02914619370211232
1,0.02030031077266829
3,0.011457156139488715
3,0.07883335382866224
3,0.03422562845499537
0,0.029218353134332374
3,0.003751870896667389
3,0.011976423501091337
3,0.039110000876148174
2,0.007704372573795639
3,0.013712617125296062
0,0.05087273696732954
2,0.0506588733227049
3,0.006739613046216098
3,0.009808220160513232
1,0.057141244963848876
1,0.012994951549324611
3,0.02199606788247234
1,0.13106231420627343
3,0.013972721592188085
3,0.06454701071458845
3,0.010161520318874085
2,0.005122667149634427
1,0.08911957669466952
3,0.03141298954868679
3,0.03410908446609269
1,0.021478438320262208
3,0.016431677683151378
3,0.2547221272970608
0,0.04348545681104272
0,0.09600780693243015
1,0.1097396453068519
3,0.016500382388711873
3,0.00867800254805293
1,0.008970610347658333
3,0.024500658311835732
0,0.01590406905715005
0,0.14439457569826825
3,0.045026554595350717
3,0.008254370903521373
3,0.042858935739455685
3,0.015442331208600554
3,0.008645750048147985
0,0.0616440120459019
1,0.07417336884386536
1,0.11754761339659556
3,0.028191933960118445
1,0.10538837005759874
3,0.028423576515732445
0,0.027189553004330923
3,0.07655157045629743
3,0.00648500910418906
3,0.008306036369657396
1,0.09986595161449757
3,0.055545856626179176
3,0.007785557909084655
1,0.010356157002158774
3,0.02079513571429068
3,0.11515943442723565
3,0.04811736918473789
0,0.029691776307924165
1,0.051918691966973136
3,0.015536019938620575
3,0.057773581214254924
0,0.11712795853189198
2,0.0011039441427732615
0,0.023595546871965543
3,0.008552753796236375
0,0.09920853175452882
3,0.006633831320927296
3,0.03313918795835053
0,0.028423336555497686
3,0.016968871567994932
1,0.38207057074016115
3,0.03523791088109147
3,0.024009512885618294
3,0.03689460573567672
0,0.008105372730332787
3,0.004413649721324369
3,0.10347451343872449
0,0.026720104002741378
3,0.017011904167797496
3,0.04252739228739956
3,0.02555253322977783
0,0.009618282978068436
2,0.010881202868477923
3,0.2839400100529791
1,0.07947892703581391
3,0.007660553848257669
3,0.04044937737896009
3,0.008313920856014428
3,0.012608112895504146
3,0.08773000736047594
3,0.015081334876537341
3,0.04041001929638033
3,0.017432972161097213
3,0.058780885820654764
3,0.024560430774897557
3,0.05307814081476984
0,0.07911933228374711
3,0.05118863602402367
3,0.013760009847748786
3,0.0145659633970919
3,0.03695037399127893
3,0.027232551708587578
3,0.21915733863458084
0,0.02250249060643019
3,0.012381879034720232
3,0.009943345861461728
3,0.009470202686570225
3,0.01067194213727384
3,0.011326335253154213
3,0.062057114725699795
2,0.0105318876389125
3,0.05927703951512793
3,0.011965786667547442
3,0.014505345987119044
3,0.012053003561467858
0,0.019781030583414756
3,0.019804054937977825
1,0.059377777920338826
2,0.026372443004543278
0,0.04570614234919394
3,0.029714872355399782
3,0.008349594548957538
3,0.01038502772313755
3,0.0018283450988153143
1,0.030455565752245912
3,0.02426676146903863
3,0.013937872120925832
3,0.033887417151103896
3,0.02908432588591003
3,0.0071492317231164875
1,0.07792420080479409
3,0.010699809234456376
3,0.004985442992890083
3,0.028841002966944303
3,0.011093795210948776
1,0.03322130089464032
3,0.02308565209383447
0,0.009142641808329206
0,0.032836584120193905
3,0.031675321432212925
2,0.1163487598177675
3,0.02589985807316842
1,0.006255765912801916
3,0.021583662771724275
3,0.004917942659031056
0,0.05056193276805099
3,0.014800346306395986
1,0.009911187967815559
3,0.02861531735695761
0,0.012197089809869579
0,0.09653567218807191
3,0.04403280319168858
3,0.03840178082782476
3,0.07467649945259575
3,0.035890874942162046
3,0.020076323819714085
3,0.02384341823138441
2,0.013488463800928562
3,0.007818149862369726
3,0.02153498022078358
3,0.1335745070212412
3,0.013171189819286415
3,0.019392132701196885
3,0.01034057852492909
3,0.00720341579005448
3,0.03289541058529952
0,0.019762080395989826
3,0.054039389945698506
0,0.00562561489333666
0,0.12530581822682255
0,0.008918121452192913
3,0.026094421988986392
0,0.09443057465380497
3,0.06307708530537195
3,0.05859451978328216
3,0.06260037556305262
0,0.042437805004445925
0,0.044377826845832774
3,0.018484542871177782
3,0.00552758047750825
3,0.054942238176147545
3,0.026654080176441018
3,0.01441503275323225
0,0.08116123502532
3,0.030144464714224294
3,0.025269430073043095
3,0.008925127846227163
3,0.006971452421215578
3,0.015237788700524616
3,0.05771811891140609
3,0.03150113006627426
3,0.003397159325865671
2,0.010920532854413051
3,0.11947089966103498
1,0.03822888230889414
3,0.04730057880871014
3,0.010347545015673901
0,0.06139745754837547
3,0.031463755401906206
3,0.04575068553180291
3,0.04922220135280648
1,0.014528999780071779
3,0.011977410853759297
3,0.007296319641929589
3,0.0072034202014856965
3,0.050989470492040875
3,0.05463098870777361
3,0.00949244950336043
3,0.035447794599033244
3,0.013019971022665139
2,0.012694433910782937
0,0.031046177030513263
3,0.03269765855850386
3,0.0047698096354992624
3,0.28796948244285087
1,0.06726763143187281
3,0.04047603510983177
3,0.03303215358063402
3,0.0214195129530832
1,0.00397375150757931
0,0.019909873525330576
1,0.027841842116358758
3,0.020068771710897042
3,0.013034310937326847
3,0.0244414817443331
3,0.030474627351270395
3,0.05290449184328656
3,0.017572783404397836
0,0.06169198629830623
2,0.05066349250897322
0,0.057277113641407404
3,0.06979572505876518
3,0.017905027469032244
3,0.03497467050011545
1,0.012907139298254848
3,0.026010798828843447
3,0.018173419516835574
3,0.005925205618965533
1,0.048500641377514836
3,0.07088651550018467
3,0.16524119780415483
3,0.00972247679137387
3,0.007796773886539216
3,0.04555374505443039
2,0.008700905282036505
3,0.04324780061468178
3,0.023997760152332258
0,0.06487870790472353
3,0.03171692146865927
3,0.02427417135884652
3,0.007558932379180146
3,0.06345611543088502
1,0.10061991494164756
3,0.007907987678299066
3,0.004635282456934501
3,0.003014834292094291
3,0.01869063916689944
3,0.03490488969577403
3,0.009925708746513807
3,0.019405598307433103
3,0.0020081205856560523
3,0.018058642770490182
0,0.017412754773483943
3,0.04156695160462839
0,0.012501069649003474
3,0.07017295304936183
3,0.025060218391688403
3,0.002557828520390445
3,0.00795314078070904
2,0.021907878831474544
3,0.13467570109888755
3,0.012612097375656791
3,0.006551710557107301
3,0.006987366405558383
2,0.07460079683623365
3,0.03561686979549296
3,0.004460299179092564
1,0.1429242274190755
1,0.08249638402314609
3,0.0365453104301067
3,0.03789631992019262
3,0.03482335760509955
1,0.04032459977822818
3,0.01622204125770691
0,0.026052347343998365
3,0.0735405987299496
2,0.027247702987284034
3,0.04598957069812234
3,0.0036047291572815932
1,0.03120640930627068
3,0.009129019983093192
1,0.06367194658040239
3,0.010380063763611698
3,0.010314780795745437
1,0.021236820561989802
2,0.005912085162139502
1,0.05144532624786697
1,0.43484833682876584
3,0.05760663067730511
1,0.19998317428798507
3,0.02331193075429877
3,0.03066405421319294
3,0.010644413546999356
3,0.027275777354778777
3,0.03482416534357849
1,0.06122835491009892
3,0.03694751598231488
1,0.08125880601985477
0,0.040168486565501274
3,0.007647783457889492
3,0.024969260444698257
1,0.08424243798245593
3,0.03386103450950863
3,0.007343677271170258
3,0.004027790887214438
3,0.0044827898578173615
3,0.041834493400890196
3,0.01754877695853939
3,0.008269633639318675
3,0.020932756448632222
1,0.09164411062587766
3,0.061362179509721705
3,0.012119941425316288
3,0.029047623776585315
0,0.009039970805610639
3,0.07474454060259794
3,0.029074630130247213
3,0.020816701742663982
1,0.032477384871049994
3,0.06303632810173565
3,0.04884079720647453
2,0.008780117626486639
3,0.027688427701424653
0,0.037376298968874136
3,0.006794718471668048
3,0.05749326172026443
3,0.011073426778052555
0,0.007904497089662144
3,0.017591624474054164
0,0.03919370550532963
2,0.019077673435309608
1,0.04119961737535705
1,0.03463235055147478
3,0.00788171497533539
1,0.015061054239747573
2,0.1354786679200068
3,0.020195843090927517
0,0.018479195336795512
3,0.03597631918893724
1,0.03810844116634737
3,0.013424161928223311
1,0.20113183700716208
3,0.010027396415004589
3,0.022035859777635204
1,0.04521721892763752
2,0.010938574722841286
2,0.01878742721751706
0,0.15933083806252288
3,0.05283478940584528
3,0.005711967795884653
3,0.0132954078553064
3,0.007815994059989452
3,0.011902697633767697
3,0.005019445474707335
3,0.006906152784434049
0,0.0335248246754884
3,0.051837030661050755
1,0.09112137168999473
3,0.021739277006948863
1,1.5267938919149495
0,0.04626557503796595
3,0.007544601298693558
3,0.025860867120351388
2,0.006035811161612152
1,0.015585482279307073
1,0.051356240285599826
3,0.05234779676673613
0,0.036426986432958115
0,0.009684118457841914
3,0.10375661755845302
3,0.01036333660270838
3,0.02403042207617021
3,0.06713082567379276
3,0.04475503463915558
3,0.0039046787123679792
3,0.0045606898813798325
3,0.030054187169153163
3,0.005134367162481324
3,0.013896780949397154
0,0.018252100589672745
3,0.04367073705910364
1,0.07917656192488101
1,1.1696839373510255
1,0.11015763400570454
0,0.03216595750098257
0,0.008579937507842219
2,0.031074070378111444
3,0.007478865414398148
1,0.01654998070171857
0,0.05733844247809405
3,0.04001838473779025
3,0.007435782180818114
2,0.008413241967157712
3,0.02495943996289514
0,0.008826123151528788
1,0.07917203363296622
3,0.05984383770039904
3,0.03413556040322971
3,0.09859299276180877
3,0.0018913229129437258
3,0.02290214975722608
3,0.04110094593032849
0,0.07174090405614406
0,0.011425510100137813
3,0.02730802741000495
1,0.01037620761142246
3,0.03096389256901669
3,0.006664557898173525
0,0.03588920055623716
3,0.039279705275331596
2,0.01667417970868755
3,0.01013441987354036
3,0.00434851887384961
1,0.0858932162759327
3,0.03827424850947911
0,0.014865413042297286
1,0.1336208745010196
3,0.006261318941542403
3,0.015825022119554652
3,0.04516138097703907
3,0.01006825606090833
3,0.009410847002649216
3,0.0487132016027548
3,0.006008304768929286
3,0.012172082648130146
3,0.013238810090909468
3,0.0066745485584926625
3,0.008924462994921448
3,0.010821213301997711
1,0.016943729239462402
3,0.022848453383321848
3,0.0631009946764396
3,0.015713574243871927
2,0.011748774828071795
3,0.02738467783444004
3,0.056767884400834384
1,0.025695153479944218
3,0.04947939217185803
0,0.01849841578234346
3,0.009399541856697781
1,0.031284119616380855
3,0.008170211604487405
0,0.10985331818498795
3,0.04474868212182565
2,0.048783038464968814
3,0.06270588926547639
3,0.028689922024315404
0,0.04870750957265262
3,0.015881537055636677
0,0.14532298486605172
3,0.07663182257235118
3,0.01075942337599591
3,0.01634142004940662
0,0.043855922743283725
1,0.02290072133804822
3,0.02871442820094702
1,0.21878141698024725
1,0.05996808125102113
3,0.008829697270963383
3,0.04281697633407967
3,0.044052210986486484
3,0.020221251494945025
3,0.031199848750764085
3,0.009232013148755698
1,0.023343065696596863
3,0.005980339545004862
0,0.054071972962904016
3,0.004045719545900953
3,0.025514365488859922
3,0.01613531194052665
3,0.04610626487070242
1,0.0994756445713624
2,0.02205533298817489
2,0.07031874614256238
3,0.00902737625525714
0,0.02167171667861654
0,0.10282236292929631
3,0.005779226486521068
3,0.0172135609077622
3,0.01747255010514553
2,0.005980851779940542
3,0.02994582176048869
3,0.00570774045317363
2,0.030117444396910106
3,0.025869688850834863
3,0.042735164777198034
0,0.09130945283503808
3,0.013608058217832574
1,0.016783997758205778
3,0.01599516279001695
2,0.009754687010749653
3,0.003431617419584002
1,0.09146883726277368
3,0.00530894470179853
3,0.10179252124950225
3,0.00936716478940751
3,0.013549348838861707
3,0.006003758470073232
3,0.03575850494850093
1,0.10502053194627416
1,0.03215737405362717
2,0.016785628112139215
0,0.06305326774637401
0,0.011629988752981307
1,0.024681657577835324
3,0.00537158353121213
2,0.01072384876616442
3,0.06403035822971782
3,0.02522484629990502
3,0.01686402583710033
1,0.047735579783633804
3,0.004586212380910436
3,0.1326694521015055
3,0.02121035836881647
3,0.024750051907359124
3,0.04832641527206089
1,0.025676949799029982
3,0.0027458799276952792
3,0.039700708828345706
1,0.0075305796468889494
3,0.0035105477289939374
3,0.0049063671267825714
1,0.12046345934189985
3,0.19811979632324814
3,0.017955689482569544
3,0.029351852640353508
3,0.012910174513345753
0,0.0950367417614876
2,0.011171306588671985
3,0.033213234641021896
3,0.024211696254423064
1,0.09869029094190686
1,0.09057040867558365
1,0.034135534086820504
0,0.15040347625411735
0,0.033832812897766004
0,0.03016856192802525
3,0.01643742476434963
3,0.006582012081973344
3,0.027646802269854696
3,0.009208336352397406
3,0.06755982921840495
0,0.09956289867674356
0,0.00974646819475319
3,0.013962162649480301
3,0.05752138082581297
3,0.006359338465917801
2,0.013635346910106429
2,0.03984957448739308
3,0.010565318108369524
0,0.03635106503515341
3,0.019289265887554495
3,0.02159940742953737
3,0.021875237161153097
3,0.04854275090011178
3,0.029362525965791978
3,0.020391807111463947
3,0.01964613177355255
1,0.06134388626532172
3,0.06324042580485631
3,0.014806611200466082
3,0.018123055360368064
1,0.011225634232868237
1,0.0505624805290999
1,0.11128374226672648
0,0.06347630098022863
0,0.06158917195299371
1,0.02342483158459108
1,0.01253532489000492
0,0.0046975385883483494
3,0.0200800349541746
1,0.05371340605709214
3,0.04117094066792067
3,0.014925383900568415
0,0.031006517199876977
3,0.007501450213699386
1,0.0844802407130114
3,0.01057843252481094
3,0.012814641380626
3,0.06331916898757264
3,0.00874488668850577
0,0.07321249158521469
2,0.03469369537032781
3,0.0013404845725330172
0,0.03040663018289767
1,0.01447386242174532
3,0.008711931538060247
2,0.12304548614288424
2,0.019457394810393047
1,0.0791963728239404
0,0.011001834309736003
3,0.012435001989301597
1,0.030448996049304202
3,0.006130228524727343
3,0.015323751655662517
3,0.04049708543047729
3,0.004930515546059034
3,0.025682746281738493
1,0.007911612649097203
1,0.07057353856359885
3,0.052535377708869166
3,0.014037343099425587
0,0.13677091753933143
3,0.030436281749825458
3,0.01700687826488077
3,0.006844427586929053
0,0.029555336292425214
3,0.02510266219380865
1,0.021039705429684367
0,0.018831240374760003
3,0.01638742684261112
1,0.007622004260779084
1,0.0137812230459698
3,0.16621700464607453
0,0.10612628085455347
3,0.012485857513996638
0,0.08438954817635747
3,0.3550368779131818
3,0.012501177203494066
3,0.01250342714103851
3,0.017405209707022314
0,0.07058140079888164
2,0.02484933232320952
3,0.035293668527734946
1,0.012055102876759843
0,0.06188796475060026
1,0.026181730578428878
3,0.0603051641185348
3,0.052725148921770985
3,0.0037934431559737045
3,0.0043597550604274156
3,0.01258766038701084
3,0.051483864358099055
3,0.01582213245008302
3,0.008690988753024303
3,0.1479339586613931
3,0.043225879876040534
3,0.025346416363194787
2,0.03945240874948493
3,0.028565236873979293
2,0.007283400800758451
2,0.020429409418292983
0,0.12504796915509758
3,0.013561313262779496
1,0.02131230351794613
3,0.013835024254040422
3,0.04468323586740626
3,0.03078675222585895
0,0.05247845985756819
3,0.01772206137837363
0,0.09717658350447632
1,0.061203381247409885
0,0.022596651733141685
3,0.04823298808218435
3,0.01567770462082278
3,0.04265306563902809
3,0.011896953355458708
1,0.029919785673438597
3,0.007582368974642791
3,0.03714965818975133
1,0.024603590686545704
1,0.02385754623225929
2,0.007228461047063621
1,0.056169009143110855
1,0.008277805766320739
1,0.02550371944939455
3,0.019957325024016394
3,0.01654399284875148
3,0.021170799186198692
3,0.06838979900524905
2,0.06997909027379863
3,0.03246266923335174
3,0.0027777956506072872
1,0.009020363481598858
0,0.03290851635748497
3,0.07535894172696732
3,0.004707873347322067
3,0.013719713100321173
3,0.03408507860418817
3,0.010243743060513587
3,0.017465373802148014
1,0.08451282831769126
3,0.06271443434272159
3,0.013030172417251434
2,0.02428119934654205
2,0.005356869038427225
3,0.006095405399777194
3,0.0035344587167397416
3,0.038640809399428745
3,0.010178577089273864
0,0.0137399138420542
0,0.00773630150221096
1,0.16449414966741788
1,0.09979988858125106
1,0.11156610181108466
3,0.007831701628267237
2,0.012413233098809751
1,0.013215264536272872
0,0.01458049152733326
3,0.004080893950512799
1,0.20071776143034448
3,0.06269354891768814
3,0.019340057325415622
3,0.03330082257896145
1,0.11095996861741698
3,0.07984804981385302
3,0.05885381119584194
0,0.04665778905532777
3,0.006136235631555191
3,0.002164831959694208
3,0.011730255242715868
3,0.00809126100643267
3,0.020966149562278553
1,0.006828475836331222
3,0.05094603951942071
3,0.02601692271770057
3,0.014680646420882792
0,0.3605098489806779
3,0.03577511577385577
3,0.024266786325098023
0,0.043997504884744694
3,0.01680837700486414
3,0.022816028606244
0,0.027944789119615655
3,0.064979906235134
0,0.01281198303786336
3,0.006264156148529909
3,0.03259124193320665
0,0.0780936885742659
2,0.10054095270646016
1,0.01536203159767997
0,0.027431444859307767
3,0.007684528978231902
3,0.006531507035044606
1,0.018705896412561214
0,0.06301036917778621
0,0.05774220242665056
1,0.011166377859658884
3,0.011091737354831472
3,0.014255352692994409
3,0.018226629967400706
3,0.054230412471690845
3,0.023826231846280667
3,0.01931762909450086
3,0.05983744835380385
3,0.052406390775651866
3,0.1856560781428476
3,0.0118516034496279
3,0.015295851504060032
3,0.022187728738937654
3,0.027149738050277598
3,0.08806213228148672
3,0.03270931680181866
3,0.02755927963600885
3,0.11072667344713631
1,0.020164746660497272
2,0.0353641493111099
3,0.024512283767257156
3,0.03409996515903077
3,0.010680455793185252
1,0.036479769164778644
3,0.010191309799571342
1,0.09779330187820119
1,0.004968588778014946
2,0.057431607486693334
3,0.01616860886402942
1,0.016406381934751007
3,0.038116141069956304
1,0.009473714091392384
2,0.012716678465525292
3,0.05304028707522467
2,0.0148810020800609
3,0.0754556014448253
3,0.0030791435339616335
1,1.7124457577166583
3,0.02340280817259132
3,0.02103569554702993
3,0.0403766573947536
3,0.0031995764883076955
1,0.011523392678470997
3,0.017411402987845905
3,0.32993561461658555
0,0.008937278737551608
1,0.021018639942502564
2,0.001349801317980424
3,0.1443909227005544
3,0.03132337672446426
3,0.01410966252258634
1,0.019488754600499623
1,0.025075596817042186
3,0.014628291135385088
3,0.06490889135151084
3,0.01637948761934928
3,0.002601430131079844
3,0.01792058921691774
1,0.026698991914470636
1,0.004952269676264591
3,0.017792503665727707
3,0.015011712927139181
2,0.02265218000832189
3,0.16098799662542945
3,0.05709798394354973
3,0.012483445938614125
0,0.031814042691621726
3,0.019209275800468977
1,0.03074431769904035
3,0.1010198506138748
3,0.022294663331225633
1,0.02718975320703903
1,0.09417177900556016
3,0.013643741798654036
3,0.03718833015700969
3,0.045988072668791166
3,0.020556860290284498
3,0.01237237796995013
3,0.011896170638882373
3,0.046544829509048875
0,0.01300570602245053
3,0.01990525225747499
3,0.04143359449273177
3,0.02383150518626176
1,0.022118156880458244
3,0.02645365685802077
0,0.04443598387461672
1,0.1311891446580458
3,0.032107918694866525
3,0.0034595988993760896
3,0.04287441767731948
0,0.008769826108102714
1,0.05583782089107691
1,0.009909287631155252
3,0.08067477540634276
0,0.011886758665500026
0,0.03333320627029171
3,0.02034805782354776
2,0.004913013485002771
3,0.04752012946432482
3,0.007136109620756861
1,0.12358075526394627
3,0.006048947061686104
3,0.041498188869815815
3,0.0041897349977552244
1,0.06958984474761817
3,0.016498996930967805
2,0.024802771395728642
1,0.015236033640509091
3,0.006683181419752563
3,0.15986002820417836
3,0.04841335072643355
3,0.008067328251398404
2,0.024641002858890777
3,0.016011744966672563
3,0.013028204432840366
3,0.039388803109086074
2,0.026778571289294287
3,0.014617800997565237
3,0.005092142169717411
1,0.19571152391617022
0,0.02524953782468116
3,0.008584303063535558
3,0.008186436333599794
2,0.012443837324900224
2,0.03340320182128784
3,0.0669203300774461
3,0.03345175121049383
0,0.026953679143604917
2,0.05069531811321349
0,0.028545049012522687
2,0.14718017934701155
1,0.0826225841966608
3,0.1511584303099697
3,0.048149614008208906
3,0.007384093140064644
1,0.024035387569886893
3,0.02413570657863841
3,0.07361992370178932
3,0.0129958611714914
3,0.010055324690008473
3,0.02386430344727877
3,0.04186893139375317
3,0.03817411432994802
3,0.009471705218169816
0,0.024131033100076398
3,0.030498521719312922
1,0.016139425449014148
3,0.008594800995105142
3,0.039053613609677115
3,0.015715224603742625
0,0.0028889969980344936
3,0.0014620821936846549
3,0.04006022118471026
3,0.01682360016205097
1,0.13369802114633253
2,0.015630404801540983
3,0.013052417030388728
3,0.01422305522264526
3,0.012247552409915886
3,0.07273042340579658
0,0.08106938562038866
3,0.008609105620231003
1,0.0057892135887037495
2,0.016188703942808184
3,0.030632877598483807
3,0.038411684812462245
3,0.01992978482723442
1,0.010552225817648388
3,0.029595874821627614
3,0.023657332403245298
3,0.008939936924115793
1,0.024189674421604898
2,0.15239121371235823
3,0.022643082364462278
3,0.053039315588781284
3,0.018208755586615576
3,0.051185111582677696
2,0.00880741043149204
2,0.01586648369038687
3,0.03832139708047642
2,0.11373668072100872
3,0.03191769843316967
3,0.027570585279983365
3,0.03828424593890737
3,0.013722624504150158
3,0.01766323081726344
3,0.004938186809210904
3,0.023743709124431404
1,0.024171655271707185
3,0.014321469234253195
3,0.004470330395676894
1,0.2567424095996952
3,0.003574426559405145
1,0.05358397217614202
3,0.01852994326101553
3,0.009413632515982765
3,0.0037481122100692494
3,0.0045242575620579074
3,0.006529787388260146
2,0.06988592119339365
3,0.03592124894313206
1,0.004351153680133626
3,0.006158046840382613
3,0.022753608564219555
3,0.043383761975253066
0,0.02897751436559479
2,0.031207463325462443
3,0.01801236490340484
3,0.01962464262293752
3,0.01673540791092147
0,0.0545059533142001
0,0.034554476526027084
2,0.005027966091306118
0,0.2890808009858816
3,0.008359046667050394
0,0.02581715534814631
3,0.0016280409194829914
0,0.07381056890782998
1,0.11900904232174041
3,0.020723285521999382
2,0.026664795552035367
3,0.04001049690987657
3,0.00976518420605732
3,0.014271014049779377
3,0.02292141095667196
0,0.1050958428531874
3,0.032553824639551705
0,0.029230065957837656
3,0.007519299712296177
0,0.032136675008174846
1,0.058627894295963386
3,0.054123536748997586
1,0.12486885567490123
1,0.08041594985880586
3,0.007153629000075471
0,0.008114728652564605
3,0.015793829279675917
3,0.010216110251580951
2,0.014683664506116164
3,0.005613962026003149
3,0.016160100063962082
3,0.015317735048519727
3,0.10281679588838696
2,0.13376508628490946
3,0.008479508649732025
3,0.02532490602111711
3,0.01409035762427125
3,0.025945457010790554
3,0.04944359319145612
0,0.0078723142287282
3,0.01125268680713738
2,0.007513639300088674
0,0.037549774130751126
3,0.008646605764568596
3,0.009686069933986479
3,0.05951087766935496
3,0.03566798176704065
3,0.05919927243705533
3,0.16047847548586439
3,0.018013953267885078
2,0.009092612472073545
3,0.0029196923841310184
0,0.04799145340928447
2,0.003980194844324132
3,0.029985345813354967
3,0.04468565548053749
2,0.0158459300448184
3,0.011903709974069306
1,0.032677830846382636
3,0.03557747452116898
3,0.002610211949299737
0,0.01559599446417528
3,0.016109894041052387
3,0.013490192263694531
3,0.030931469266966553
3,0.02620488994234934
1,0.0851904216336138
1,0.08042347531348869
3,0.016407147544553875
3,0.05524867116180646
3,0.00952222466147275
0,0.014054003552936402
3,0.023936603392554497
3,0.020719529954343674
3,0.02053112789911691
3,0.00588442407221193
3,0.06710928053189157
2,0.023086361498735244
3,0.03805803856163371
3,0.014086615628281795
3,0.016901744232787782
3,0.020413346141850607
1,0.03942114552081223
3,0.0025198238647475735
3,0.01898364469991456
3,0.026984124175526335
1,0.015733311526392194
3,0.06372766251586127
3,0.007152119067206189
2,0.015740797049368073
3,0.062046238017909414
1,0.11184727109685298
3,0.008142047934801711
3,0.022924266150286993
3,0.07743817152770702
3,0.11386343239173069
3,0.09677915201365431
3,0.04830724232886241
3,0.20118412434121583
3,0.05626062738762893
3,0.010217504807789046
1,0.41580156784135985
1,0.01410966079269523
3,0.03233769199919769
3,0.03249495911335486
2,0.06198139901139131
0,0.11556479450788147
1,0.030216000567169308
3,0.016647381903126764
0,0.024122580427002757
3,0.016480179665325646
0,0.5715680941038168
3,0.02520084398401142
3,0.041045820751131896
0,0.12440562364607406
1,0.013356360549948907
3,0.011878442853934747
0,0.010099664049771742
3,0.021136214895621078
3,0.029763661957517413
0,0.11035883786538327
3,0.014517725275426127
0,0.0018741547280363429
3,0.009661602991920313
2,0.0026583225456024936
3,0.03815395224251093
3,0.00728212570383422
3,0.008981648384427266
3,0.021070436429663355
3,0.045964247958106844
3,0.008459798316633524
3,0.05447315201789294
3,0.053690263721758905
0,0.049677474177046564
1,0.08681440384887464
3,0.012879432914492922
2,0.03572687313279847
2,0.020645059113461144
3,0.005892018932845647
0,0.09133189836855263
3,0.028453290594830975
3,0.008246107300525688
3,0.015410705372885672
3,0.016171150860962883
3,0.04955962155243899
3,0.019939878355271504
1,0.08321114746687258
3,0.022514884824200585
0,0.04125652515474348
3,0.02818547795817057
1,0.08110607706070888
3,0.03429525703076716
0,0.03235723043690368
3,0.008174239575487813
3,0.010133626899874949
3,0.08654250993312253
1,0.12326537737827162
1,0.0359447796297712
3,0.07140548945590144
3,0.026186000260038714
0,0.018289228142939373
3,0.008496225704536085
3,0.014846388580579094
3,0.0028194843025471095
0,0.01654663458964044
0,0.012501809478942583
3,0.006929163534947682
3,0.02833772832517784
3,0.04677416544392033
3,0.026990021571786524
3,0.0097836699705873
3,0.006367808304930446
1,0.023078054891238833
3,0.039711706026613926
3,0.006675284284435959
3,0.07498419758437563
3,0.00108230402320487
1,0.09910503255688
3,0.008037623021378892
3,0.03167641362412464
1,0.024800622591974148
3,0.002701531530548536
3,0.05051453031119869
3,0.036889093633831936
3,0.037647114681035945
1,0.023136860359879313
0,0.027953164015662415
3,0.09126543047177255
3,0.04802460466179014
3,0.04670452350628351
3,0.026520561965906072
1,0.07135326417249804
3,0.00654422827206272
3,0.008317901821667462
1,0.00819506638746872
1,0.01366750069388306
3,0.05153650936442676
3,0.032688282882540755
2,0.006524811713382641
3,0.012543575490209733
3,0.0030415748492874264
0,0.01797934254110395
2,0.017845420107754445
0,0.10482058541860774
3,0.021123459543999266
2,0.024095069652507985
3,0.03265564494089985
3,0.017400028177073975
1,0.03131054910979644
3,0.05372952114314767
3,0.005521341150290817
3,0.02915113012526353
3,0.015102870183120438
3,0.03490025946516807
3,0.007288454450364423
1,0.06618894009268296
1,0.08011536178398546
3,0.008197873940796517
3,0.027456466109881807
3,0.009140740022753268
0,0.007787582141245035
3,0.013420417887895443
3,0.018700884948996518
3,0.008237603718324795
3,0.0404971171576609
3,0.006299812728802452
1,0.029840264662877973
3,0.05368572035634436
1,0.013029109677026158
0,0.054867651092135906
1,0.03412817174601477
3,0.03439414769795952
3,0.022381679685623497
3,0.025399457789966114
3,0.004791387751087787
3,0.02017788069559462
0,0.07343622407067357
2,0.021663720236887143
1,0.35462444661760706
3,0.03679198758599664
3,0.046631681428537415
3,0.02568748124179765
3,0.006252983220255442
3,0.011292887434075685
3,0.011007364471610244
0,0.023317517194473114
3,0.03091241944763419
3,0.16537480482415076
3,0.011784623284708707
3,0.07996801386761293
1,0.07071203810425268
1,0.1539993384949812
3,0.03221530549404093
3,0.0015266455572693729
3,0.0231198208464545
1,0.013319411615017677
3,0.0057524869767827435
1,0.027496808764536175
1,0.11950056112796521
3,0.025774473384296576
0,0.017614252087825345
3,0.021569635302431167
3,0.04411097886065529
3,0.009266424197166171
0,0.051217943611073895
2,0.01361588899406088
3,0.017857564367098826
3,0.05063559987661921
3,0.033050227123870624
3,0.03076155808737416
3,0.03109143993380243
3,0.003005408911956061
3,0.011115616417567153
0,0.043666333822986333
0,0.08113360682274805
3,0.03921359373440281
1,0.11685990982232212
3,0.008953735545227668
1,0.01723657394313339
1,0.05529376929471202
3,0.00992255167188643
0,0.014850819613624333
3,0.025430211464360822
3,0.029318627691667508
1,0.07156704237625175
3,0.01261881096753952
1,1.368526061049914
3,0.004921583066588894
3,0.05372623237140664
1,0.012813880690676896
0,0.02657392274917616
0,0.0273376962434706
3,0.0080718987110198
0,0.009085016872551258
1,0.014103393886118632
0,0.04517573565243927
1,0.11913949575216663
3,0.057231329325369625
3,0.06526315633198755
3,0.008938779279628987
2,0.012799744676076892
3,0.010053896349228784
3,0.014206129214796696
3,0.006989495690220338
3,0.023916401854580584
3,0.0329797161618941
2,0.178312548974554
3,0.12044418481342477
3,0.06350232671396382
3,0.008913862138033081
3,0.038604104742655514
3,0.042192173874396485
3,0.041340212329442065
1,0.08464717278003338
3,0.010719748963111194
3,0.027326619952993573
3,0.018461339152022114
0,0.049088885584492065
1,0.1532354907740012
3,0.013021027402025459
3,0.029397347489153798
1,0.007118626979746303
2,0.027941583624584286
3,0.031501789453704465
3,0.04886510070053011
0,0.10055837124787047
3,0.016264847485164092
0,0.023141822057222032
1,0.02998210920714045
3,0.011543382863965865
3,0.057897299785546634
3,0.014962356400805383
3,0.014023807915986976
0,0.0646248434874467
3,0.02159568707836291
3,0.008606824860507529
3,0.04904202939831759
3,0.056068567916298946
3,0.02194904588729727
3,0.055575117674747106
3,0.004332288243431228
3,0.009059729634396298
1,0.0690152367998236
3,0.04696253128367616
3,0.020811586169805954
3,0.011332071574112128
0,0.006039087604791835
3,0.010886345308678456
2,0.01689214832068409
3,0.02990094647708034
3,0.04420925233085381
3,0.020453615185527036
3,0.028119861602144382
3,0.04555908269004843
3,0.007817363009563304
0,0.05908325646511099
3,0.03200807494122711
3,0.07266888834530577
1,0.0072412910847314636
3,0.03195022224247121
3,0.0034417957051909886
3,0.0024651645113990426
3,0.06062512593665526
3,0.011074999215833568
2,0.016645849061373532
3,0.005817764189989226
3,0.005183302427445942
2,0.01998003249069359
3,0.03601916095083543
3,0.03491289598562611
3,0.049788593558199715
0,0.020111491279223372
1,0.1516809879448614
0,0.05173413146551758
3,0.030012325291795077
1,0.08626108321493382
3,0.009046229631077972
3,0.006915664519363587
3,0.02361470653996854
1,0.09090764995579564
3,0.052288381752399214
3,0.007397452472906844
1,0.009470191426634453
3,0.012217782497380326
1,0.0202045214160166
3,0.011033269615163533
1,0.01127372646675227
0,0.1396651294364536
3,0.008506787880641952
3,0.023574641039362704
3,0.032472251612140575
3,0.008211015624288295
1,0.41835708281979495
2,0.034650433926298324
2,0.011959619177330218
3,0.023474888509407578
3,0.0686030166726766
3,0.024762259096457486
1,0.059454339484309476
3,0.01248230615800195
3,0.03980868248189283
3,0.05266325583119747
1,0.018500254234779114
1,0.12340551913217916
3,0.18574158296489932
3,0.024952160879613605
3,0.0347640360467457
3,0.07988037771550721
3,0.011404496432130736
3,0.04482856769498088
3,0.00415550287715114
3,0.06515612666322289
3,0.023323568588147013
1,0.09500079571938772
1,0.0031486673891595474
1,0.025960812582548322
3,0.004326454826809752
3,0.02432811492867717
0,0.026279479874469054
3,0.00648133795436707
3,0.015892307894291087
0,0.05373769661238688
0,0.037712828817536834
3,0.0021464657146024863
3,0.0299062157635004
1,0.021307027041599622
0,0.010060997950969637
3,0.014370406904235791
3,0.013936463944301713
1,0.029696315092395086
3,0.19666360550822673
3,0.019706228092924123
0,0.016233161034898663
3,0.04145722226229044
3,0.01407379489064961
3,0.027326001718593576
3,0.016322079094661844
3,0.004939238339917736
2,0.015826906316494298
3,0.007165973812637473
1,0.14790630698579818
3,0.01627604683781296
3,0.0032824511980524174
3,0.009598544554902921
0,0.045498719856381514
3,0.011497074212076306
3,0.017220624288611833
0,0.06685242518473417
2,0.013333117177285646
0,0.008896499675806897
0,0.05574717618609111
3,0.012069775763115603
3,0.07024552318535383
3,0.03812941785069673
3,0.012453160295784345
3,0.012164298779430397
3,0.00868802932192387
3,0.008507742173249531
3,0.014371369465055699
1,0.01765140840549923
0,0.0028365858257583024
0,0.02519319159818012
3,0.054739545718142026
0,0.09034532165304256
3,0.007933950680766374
3,0.0338872560455521
3,0.05866384293745019
3,0.03468264624649558
2,0.024322319327158136
1,0.008507910962734126
2,0.00889378863720516
1,0.12438571718583386
3,0.007034721312009969
0,0.025485378757971855
3,0.020568266470187672
3,0.016994645261156988
3,0.01297071898590682
1,0.012142924010397587
3,0.040031953008622466
1,0.016711370101873887
3,0.06386644917625234
3,0.007868861441359142
0,0.15935009257142999
1,0.004087121552698921
3,0.0162725773318584
0,0.20595131270648917
3,0.2794585844575621
0,0.06716564615602037
1,0.12988930695110298
0,0.05399950233277174
3,0.04901119863663882
1,0.015736048787777204
3,0.04312841641959626
3,0.009342682859458187
3,0.04342419713839142
3,0.16424628678176495
3,0.028629311393040615
3,0.007337832346122984
1,0.07711474123434749
3,0.004297578623408694
0,0.04314673709521493
3,0.019523321259628895
3,0.023966176526376518
3,0.007027638695165815
0,0.12234865726860297
3,0.007032596945820694
1,0.042885214551934565
3,0.006439412669438397
0,0.020921575793468445
3,0.02591490330786616
3,0.02589628859705289
1,0.01578975381572043
0,0.009478219746925854
3,0.03218765851008974
1,0.15034289069239407
3,0.04114972060134747
0,0.037023312271671764
3,0.019557513855525645
3,0.014110571415894661
2,0.04833273454427331
3,0.018220191886489302
1,0.02434797116276173
3,0.006309655521826307
3,0.10771452561324356
3,0.016587370671684896
1,1.3721189185641534
3,0.019430634580926715
3,0.04233017681439402
1,0.019726990981360992
3,0.011189564948642698
3,0.04749136970206877
1,0.013378561871344084
3,0.017710278336993075
3,0.012993108594382425
2,0.0059674205220462085
1,0.02180057231851907
1,0.018872719495485184
3,0.006711981859576804
3,0.0023456077561873185
3,0.043174282814983575
1,0.06583643454584334
1,0.010893800398504166
3,0.05405297503965866
3,0.030582501885894744
3,0.07287242694771821
2,0.03379032881463748
3,0.05069250710411182
3,0.004858498798823754
3,0.021554450946124102
2,0.01273772606779323
1,0.05928837578191122
3,0.008411108179301617
1,0.01194220088931796
3,0.040261583930191004
3,0.01336946531309924
1,0.10290103975581284
0,0.012473719084052858
3,0.1076410107437587
3,0.029006656766637086
3,0.14017265996933234
1,0.012721091040136575
3,0.029037408424275716
3,0.04570186167979714
2,0.0027194137780577263
2,0.04640773716710003
3,0.030188818021908016
0,0.18288722310779112
0,0.12750706634873124
1,0.024818523423884995
0,0.030719239992593197
3,0.041086415292960726
1,0.014676952746341485
3,0.006405441068501896
0,0.05878680698132214
0,0.028892342177315754
3,0.009958776905709331
3,0.033963970317684
3,0.0282161042537273
3,0.007081425157694169
3,0.03490761959962234
3,0.004973748582600428
0,0.03222193332620814
3,0.011162402306693419
0,0.04493763796231117
3,0.05049637641302991
2,0.021446386514602588
3,0.03198750762468153
3,0.039002360643712125
3,0.009617755391518108
3,0.03463566694324439
1,0.0368717049246879
3,0.005529548042703921
0,0.019334404729326862
0,0.0044963298186603004
3,0.012391979315215492
3,0.09014448292860643
3,0.007118512957178622
0,0.016773646447801493
3,0.009230432749721702
3,0.0206083676069599
2,0.013087088426680351
0,0.09146994244905146
3,0.0032278686339049737
3,0.0010046772307002914
3,0.02018016754706727
2,0.011561199342269367
3,0.015946701724032945
1,0.018384919978312188
3,0.05283074702712847
3,0.07969096272633906
0,0.0183677960643205
3,0.010104811284495575
3,0.060692457218977654
3,0.0073488334886038405
0,0.013076181192793506
3,0.24647564098880953
2,0.008586644303910837
1,0.011732219169486727
2,0.009386296922270939
3,0.006558192181430147
0,0.02525835056295489
0,0.00393491813318731
3,0.005749990576914194
3,0.011147665090785535
1,0.010277726385790074
3,0.0137250564930503
3,0.0023926038658977143
3,0.01777880216732845
3,0.011992607328847467
2,0.01996302298258194
1,0.02797381135218188
3,0.04976875608037435
3,0.011836664537708739
2,0.014247235043650873
3,0.0018681082750235149
3,0.17065820093725506
0,0.03277456823671368
3,0.005495989147583897
0,0.10541560156113701
1,0.10002898366791207
3,0.017433163084649535
1,0.008981570212293087
1,0.14828206262178753
3,0.04221517176442481
3,0.045180670110896694
0,0.05336535269398509
3,0.013800900580228195
0,0.011515250108231258
2,0.10840573682948357
3,0.008396672114773868
3,0.019347772090993517
3,0.05108322276093577
3,0.11556991450157889
3,0.01722292196946768
0,0.30889122578206174
0,0.08237068449772543
3,0.010413768809098166
1,0.006454371876147399
3,0.01150590692883807
0,0.021048424790135082
3,0.019029038842069537
3,0.05284542842714203
3,0.027731194309692477
3,0.0212242420588563
3,0.005543922019442927
3,0.009069416576315078
0,0.032160507237416716
3,0.010234866934970253
1,0.03096757886017483
3,0.032808522627381535
3,0.0449728327938432
0,0.07493872129612543
3,0.039367947477966854
3,0.037715684205726636
3,0.023841053226119655
3,0.01008759100048879
3,0.02030850592621701
3,0.008036040513992664
3,0.18030841850661686
3,0.00918704198873883
0,0.04893030386102188
2,0.008037443739506062
3,0.023626534549852158
3,0.027156798881245857
0,0.38908976058611733
3,0.006512910935116032
2,0.019215473304202955
1,0.019817454275653953
1,0.1153279133864665
3,0.0071040573055613475
0,0.05681494157571728
3,0.03803103248062833
0,0.07926115193480593
1,0.13134225904789115
3,0.044476586825594716
3,0.022291927750730793
3,0.01020770363695727
1,0.038733372898677364
3,0.012657067671683089
3,0.005728596995929023
1,0.023449254166160942
3,0.023813037503010837
3,0.03953912199166105
0,0.08046579723438073
3,0.008682310097454203
3,0.025073542462220114
1,0.023213636929802
3,0.008090715634970989
0,0.04869426198543267
3,0.0057020082785769945
3,0.013385546398282787
1,0.009925414056996894
3,0.014794210612256886
3,0.011235081093297874
3,0.02336619801135272
3,0.0061875059998205695
2,0.09301894233609123
2,0.004544464255295103
3,0.017808977699696225
3,0.009756086129369741
3,0.010064499393603571
3,0.03252449041440291
3,0.05091741373790127
1,0.058223817175673646
3,0.038549344999099754
3,0.047639295439444715
0,0.01288035035667484
3,0.032813484981870054
1,0.01295208040575362
3,0.02640115439972588
3,0.008244086387446708
1,0.035302412931346165
3,0.014801121777612867
3,0.060594190986281445
3,0.017044092084512873
3,0.013158403563298525
3,0.023407527005346304
3,0.023329548818713543
0,0.008353419004000927
3,0.00789158768641769
3,0.052894647211851664
0,0.053859095273011096
3,0.006188523360523588
3,0.010625777528285236
3,0.011187772398790683
3,0.02592987113427573
0,0.012746531712713078
3,0.012595899493608924
3,0.008490227177371211
3,0.013459568299319706
3,0.03539272280628381
3,0.01946800359476225
3,0.006527738613360214
1,0.0831332266307788
0,0.16251328349174698
3,0.027001214225262946
3,0.025458503819584286
3,0.010535745371785568
3,0.010574748928330277
3,0.0031656203992331154
3,0.15073781423558097
3,0.011418348995422286
3,0.007731240367769351
3,0.03173593842905602
1,0.24167466425837592
1,0.016911003936833233
3,0.05847787071588607
3,0.047283893084024795
0,0.013006867264849228
3,0.014709697802961505
3,0.04345483873903047
1,0.005574336071976034
0,0.016952401870331472
3,0.045376031577385616
1,0.026030956080298002
1,0.056309269813921856
3,0.024151336840279338
1,0.10126379254424885
3,0.06395489588255016
3,0.026274870659958836
3,0.0069052449209765455
3,0.023515917304648408
3,0.02700911811726673
3,0.011456242890486237
0,0.11272857313855922
3,0.011669658518093519
3,0.008107308425957931
3,0.010775681523083329
3,0.008224398945770296
3,0.04925242089082692
3,0.004887206067115174
3,0.012333143228975345
3,0.010750447083654305
3,0.11441669532975143
3,0.008754403736101165
3,0.006560489301046557
3,0.036918399186177904
3,0.04139639567783379
0,0.026457318574604243
3,0.016339926483270678
2,0.021790321118035368
3,0.02609823117323187
1,0.01693893025335517
3,0.007349134917435863
3,0.0329174815573542
3,0.05238502072748511
3,0.029079668796714673
3,0.061590016221682205
1,0.015562886945298553
3,0.06385549709161437
3,0.012815819868073636
3,0.008961826493278263
3,0.021039230349235223
3,0.11660754382001631
3,0.046251321880484274
3,0.01232402401739162
2,0.02575595195098547
2,0.04388808081495575
0,0.06688648085854475
3,0.020615736723569693
3,0.015998679858014567
3,0.0279476044090842
3,0.5760910568872967
3,0.003999958856191975
3,0.04474640504336002
0,0.05916903457691063
3,0.03590925994156383
3,0.0036632475743426135
3,0.025358054159630144
1,0.11686439860291771
3,0.044291752629648976
0,0.053840212989849416
3,0.006892086549360014
3,0.05889169663671927
3,0.014144372915441107
3,0.01712915519216856
1,0.01666775910353097
3,0.01872887259029277
0,0.01672800261088278
1,0.027465741506483527
3,0.0028432997484117216
2,0.016706164749337928
3,0.04103613228899368
3,0.00534941435686047
3,0.012732056165748129
3,0.023319338490855955
1,0.07119354194052371
0,0.031591296170505434
3,0.02991392527443396
3,0.04331320543511516
3,0.001639902364122807
0,0.09071713110494431
3,0.024123726765628364
3,0.048163786313011554
1,0.03021892558013464
3,0.0540403041055104
0,0.026188587963427497
1,0.06657683234176387
3,0.009524907616025815
3,0.013543677440259649
3,0.0173096899025511
1,0.029809048423300753
1,0.091417333164476
1,0.04956679150776607
3,0.0507081268787796
0,0.01803153575010919
3,0.026877766725827236
1,0.03729316870803734
1,0.016838348722920577
2,0.07401393561728466
3,0.06773237963714682
3,0.029658720514616488
3,0.017054631107387662
3,0.015234957915602927
3,0.032818443705343085
3,0.06179711434914336
3,0.04078524805848186
3,0.0025164862141170193
3,0.005680301427932936
0,0.017769420608743865
3,0.025296391073514262
3,0.05754963805089613
0,0.02834299233757923
0,0.08434955757804691
3,0.02680865391250237
3,0.005674448538285363
3,0.06307466095381407
3,0.029291690902497145
2,0.08543110017085187
3,0.019153051719282815
3,0.028464977592608597
0,0.05673602742134938
0,0.00906552132379541
3,0.3362459377353785
1,0.014488103923559896
3,0.022075671834641427
3,0.0073150231851650364
1,0.03375460265669446
3,0.014963793064905128
1,0.10380163609720013
3,0.01581643215179818
1,0.002230833561735386
0,0.01144887039651419
3,0.023042809424495665
3,0.007939121733192275
3,0.11110977470420662
0,0.07714315089332699
2,0.16725168566767648
1,0.011583340044504885
3,0.05316703891727757
3,0.0016825733541694808
2,0.014546855319889557
3,0.02043113958704
3,0.018812196456682542
3,0.002887712520580832
3,0.044714141460056665
3,0.041697231920524595
3,0.010690537294995108
3,0.033535647337265564
3,0.006329973923248382
3,0.05261595329758951
0,0.02623084594631347
3,0.04536820859630219
3,0.006474022909398678
1,0.016266497593794026
3,0.009326622144336773
3,0.03039415307311525
3,0.005273690191542619
2,0.0031981440540900146
3,0.06377526029298701
3,0.009739578242945909
0,0.028735263352015056
3,0.0508706002595677
3,0.02715569976750439
3,0.003787422487130421
3,0.034282940822186386
3,0.04503084350333938
3,0.06559531097367893
3,0.022976023914059226
2,0.048721821709106695
1,0.04664276216649595
2,0.05258698888019195
3,0.01662980121496189
0,0.005352064231047408
3,0.013342198008963411
2,0.031142139492595956
0,0.029313863247353168
0,0.006074370975792776
3,0.0016040354952915046
2,0.15626101983601692
3,0.020953413847950995
3,0.006644132871543639
3,0.009311663048491396
0,0.024479278522633294
1,0.09382211934205126
1,0.010403062694541925
3,0.09086445308319754
0,0.007777530338393549
3,0.043077412757403295
1,0.11676551831730035
3,0.007027619304644671
3,0.0018031041374918695
3,0.007113619736766421
3,0.028249576619874824
3,0.0906456358237957
3,0.006842245774793783
1,0.02134546490963562
3,0.05330973757107425
3,0.04145944400191044
3,0.006788618673104656
3,0.0221737479045427
3,0.014388105944925235
0,0.015228497890959092
3,0.023359182417608308
1,0.019735223857722754
2,0.018816997418466114
1,0.016854895874889933
3,0.0951831664602072
3,0.005572330787419246
3,0.05042548501720042
0,0.047783547929822395
3,0.005897980711996952
1,0.023197397122153122
3,0.06660153568210794
0,0.030683961171432923
3,0.036945458830066176
2,0.0015436770970887745
1,0.02269131117788563
3,0.029347591999119918
3,0.04406367114402198
3,0.040363320089889666
3,0.005169151946097483
0,0.051534477782553795
0,0.02957454992708504
1,0.20975433733234022
2,0.19824738079016724
3,0.007572866608038868
0,0.008334000699587809
3,0.0236727164606669
3,0.016542756252050515
3,0.021398197781640944
3,0.025886935149610053
3,0.023128785098046244
1,0.01176533685259191
1,0.08119275678183588
3,0.2117555887555362
3,0.02173162700507016
0,0.06122221246678516
3,0.34979432810290895
3,0.00498877629162168
3,0.05768474354883069
3,0.02479860148706436
3,0.017534955725485184
3,0.008401630311610335
3,0.04060298132621586
1,0.022941607300531595
3,0.05787452627232408
1,0.015242873114613635
3,0.016640067045048963
3,0.014181705202474916
3,0.027706561141039532
3,0.008460584130193084
1,0.006489479969583144
3,0.009529157993833668
3,0.003618580470173286
3,0.03187114612590589
1,0.004274139938866187
3,0.03318980598946377
3,0.05398596389075817
3,0.01793240291891875
3,0.04116348190354538
3,0.03824474045742381
3,0.007254195068536749
3,0.06508341442683822
3,0.33374448785951205
0,0.0034176241743192745
0,0.03497176291341481
3,0.043498248047278525
3,0.04189920987635519
3,0.05052818196706084
3,0.14588878694816187
3,0.018589143500950818
3,0.030828142724521865
3,0.02148131150530593
2,0.02197175470304435
0,0.03538316417052337
3,0.013122574727847398
0,0.02871440211056736
3,0.02629072017267128
3,0.017901172217325338
3,0.013148400974018136
0,0.07743349447752673
3,0.022326218642924008
2,0.009682183732089709
3,0.050185451187554395
0,0.007111563883140736
2,0.019001582856891026
0,0.014666457147955808
1,0.03819466556032905
3,0.008306270228191085
0,0.03865587695878193
2,0.006311751781420613
0,0.009706835010492597
3,0.012064203739840658
3,0.005896802096672088
3,0.005715447042345042
1,0.1581820641285447
3,0.04626309613337728
3,0.03355117664061305
3,0.015082585230611144
3,0.0071842672006114505
3,0.03793983365700457
3,0.006862300681028472
3,0.016217149298880476
3,0.006001550853755765
3,0.16986366896781963
3,0.007536188574852592
3,0.007093617136080422
3,0.006353921273774139
3,0.029511987817606836
3,0.01413126290911056
3,0.02834566782106114
3,0.006257673316884479
3,0.01018938868566243
3,0.04277913162056354
3,0.008786915284513202
3,0.022315646274644992
3,0.007439958954329671
1,0.07069961760665518
3,0.04066125298854206
1,0.01605710184351162
3,0.01377349713580772
3,0.010468632832678675
1,0.028854805499213605
3,0.04403804732537052
3,0.0021378109290790715
1,0.01812455901307444
1,0.1316190430985231
0,0.11799692945040971
2,0.008603563985295777
3,0.01313997689202802
0,0.037084442170854694
3,0.012087666253230454
3,0.03496167652471454
3,0.03300067439912387
3,0.018683569123907562
3,0.040165823781567335
3,0.1866821619234648
0,0.025397965064376762
3,0.008043166870657923
1,0.1375834817038248
3,0.007709937484569648
3,0.010719610486109733
3,0.007911940505442068
3,0.029253014988128725
3,0.19772697846756254
3,0.050639115292544286
3,0.003288554508926896
3,0.027479465466598373
1,0.09661323028575995
0,0.06346136005176983
1,0.1664475371015233
3,0.034398186529645644
1,0.15173238627373492
1,0.04722995115437831
3,0.02687687847758411
0,0.0021852717546023766
1,0.02016714156465778
3,0.029716938949381842
1,0.05546119004212414
3,0.018519107006235516
2,0.02334641066900405
3,0.04055806588831828
3,0.037677183429908466
3,0.039741473056757196
3,0.05231534342179549
3,0.02680394490038218
0,0.002120164850992766
0,0.06270893768348877
3,0.05221237264612354
0,0.015641742052955175
3,0.035764549346887546
1,0.10990352869426251
3,0.0059508418172723185
0,0.0758889328529063
3,0.04199141266102941
0,0.10231203074779391
3,0.010985350738859718
1,0.018011991414557928
3,0.012114250269701997
3,0.00574823926778778
3,0.02657355711270056
3,0.041183865007235546
3,0.012779171724260612
3,0.012363732476976606
3,0.03978902546453284
3,0.012397060142039038
3,0.037716411795381835
3,0.006565364549178935
2,0.04524112370917006
0,0.007818486723495631
3,0.05624410152409433
3,0.027785728743959667
3,0.016099519986577496
3,0.005348784924502276
3,0.012076440253368532
3,0.009248759188539953
3,0.061020870239168586
3,0.008477943040484695
1,0.0738698986946419
3,0.0412364385928783
1,0.021968304638251772
3,0.04079156262695963
2,0.07943639422822527
3,0.005387140802153749
3,0.057375338942451726
3,0.028546638484428788
3,0.008687462324928404
2,0.013242773957815633
3,0.012502532486392364
0,0.05420128959553623
3,0.03183665887816371
3,0.04122245288459069
3,0.060039945610769564
3,0.008828204120910354
2,0.03162969434155975
3,0.007146945288698825
1,0.1299676039407707
1,0.11113720732773072
3,0.01663847664686644
2,0.01480879958748086
3,0.03196168713686075
2,0.018534018673713123
3,0.011491515978993882
3,0.0820156532484996
3,0.02883654269828874
3,0.013020555170399937
3,0.01595098060461691
0,0.010221533320431273
1,0.1499531441251095
0,0.0066459901193495026
3,0.025974346612549697
3,0.037939028987597365
0,0.0074669900402598586
3,0.040151947489011075
3,0.030575992284000594
3,0.021112474149879455
3,0.023170939097376664
2,0.03174355761934007
3,0.01086119444704737
0,0.04410159439683478
3,0.007547121036655091
2,0.009135440239463725
3,0.036638774107879774
0,0.08610429636309701
3,0.007313860734611086
3,0.04338211504512752
3,0.009471931620806078
3,0.05213194103146047
3,0.047507635837986895
0,0.03071580521442318
0,0.041654304685561264
1,0.012209409718323145
3,0.0056696082498354635
3,0.015118614723727693
3,0.01724966697275622
0,0.1515016905052985
3,0.10354519929164442
3,0.007393325704450674
3,0.05313137924343783
3,0.008981542492207652
0,0.08126097216678772
3,0.030857765174959178
3,0.05077434669725896
3,0.002283694399983807
3,0.049324525369616214
3,0.007242174650306842
0,0.14309145645894003
1,0.01931430995801361
3,0.0428262901498953
3,0.041960580578889115
3,0.009627769515695831
3,0.044095163423116875
2,0.02058748766145158
3,0.01975292031255443
1,0.1184566668161995
3,0.02820746213878476
1,0.009972484250154975
3,0.023421780091268947
3,0.008409979295546894
3,0.009909187138462663
3,0.046928995798931436
3,0.0015256938437041992
3,0.1411595838292608
3,0.00747171078981853
2,0.02935564159943261
3,0.022228957636379772
3,0.032634700347640405
1,0.2292919619499297
3,0.002465687463581973
0,0.06739810549083075
1,0.0046010194524526045
1,0.04961354816497364
2,0.007216775987035314
2,0.027632535216108436
3,0.010490047928647248
3,0.013983301731691251
3,0.0020610135771419605
3,0.04585577985896329
3,0.060749258992760215
0,0.25301364818390154
3,0.012474522490565724
3,0.015057789656611744
2,0.014051991701260345
3,0.007355410555278748
0,0.03051101433915707
3,0.014269628256333723
3,0.0072308646151460826
3,0.020728861506231044
3,0.007125878624183528
3,0.018815217326696776
3,0.046500291010714505
3,0.050835529705266974
3,0.02395536472639937
3,0.002598240034883227
3,0.07735578832837811
3,0.030711393398490456
1,0.07303360500133553
1,0.04548628059684588
3,0.02720064470484198
2,0.15011170894717274
1,0.0853994146181687
1,0.008047023632487852
3,0.013331972683081034
3,0.006406957957167342
1,0.016269251190500263
0,0.02407897958006107
3,0.21939453342514023
2,0.09903998175257146
2,0.0055220993314032
3,0.07226852598527025
3,0.00979304452656394
3,0.18737284494717316
3,0.006141909021831159
0,0.03615318598271462
0,0.07993304960775918
3,0.014377218971025469
0,0.04919559764671367
0,0.09417431979875522
2,0.01182073213032339
2,0.07041572366778842
3,0.08719392359449327
1,0.14637394551298757
1,0.015388096805928111
3,0.019184953040048577
3,0.03604773742383639
3,0.012861076749406529
3,0.02179420666801045
0,0.02849610112587387
2,0.32551004184741866
1,0.014564262526608666
1,0.009560483987673393
1,0.048862594914394326
0,0.025810745771087787
1,0.07461237707528312
3,0.01973778210299257
2,0.12468082854472302
0,0.020987895814585007
3,0.06698451280102154
1,0.027305913052854378
3,0.009453031485691089
0,0.06299978315797473
3,0.04716647294265698
3,0.005025257981131761
0,0.08169160705601147
3,0.014714999894586142
3,0.04704553348660363
3,0.03929494795666114
2,0.022848525377717064
0,0.04043185341538415
3,0.007589472582430345
3,0.023412890144405216
3,0.010226671491930019
0,0.01994248687588214
1,0.040577819200597734
3,0.011112548969490744
3,0.018025087771832836
3,0.009287096390310124
3,0.005857106641830931
2,0.025902817081966904
1,0.08076037195895774
3,0.01628005596896356
3,0.11067463789291448
3,0.00766317757279031
3,0.01894507978598036
0,0.008496344330621677
3,0.04969659726323072
3,0.02961167311233491
0,0.03175521094719044
2,0.0577661651617387
3,0.03764297390463292
3,0.010939364615323773
3,0.00443395659450772
1,0.16230626207992674
3,0.038577520967842
3,0.011768376088684017
3,0.01242618305959924
1,0.01092777395512415
0,0.08833585280841544
3,0.028470830305092613
3,0.030801164321199496
1,0.06687905165295836
3,0.02905284994089312
3,0.0037377553810896648
3,0.03111347667099688
3,0.07818969957960836
1,0.05037365116416605
3,0.0014857099679604197
3,0.047923491522018496
1,0.03161500839766221
3,0.022822155436357065
0,0.0030107714590368877
3,0.006827664650470971
1,0.020295965699029757
3,0.04069032776491366
3,0.00859461529958929
3,0.017383398879489916
3,0.006420379466781662
3,0.0025321952485792432
2,0.007422117823727739
3,0.001940267409343661
1,0.08001991697321802
3,0.011899573591609121
3,0.03490522885482267
3,0.015466805454440366
0,0.11034579396695748
3,0.07415081824789714
3,0.028807881219142645
3,0.0008404543044490286
3,0.057084846124073385
0,0.026068215416939492
1,0.013110449734467818
1,0.014061899769568112
3,0.006532431839331133
3,0.007201343410215429
3,0.02590534926974006
3,0.006063041389142852
3,0.0017290451755768938
1,0.06412229798838208
3,0.008548840887268353
3,0.024230865028941388
3,0.008278017243782432
3,0.0506484423050969
3,0.009880165247875272
0,0.0075511650746908545
3,0.0644766970619816
3,0.0229923113256172
0,0.03346617547355923
3,0.0064912522374154236
3,0.05741480233748096
1,0.08753701409835399
3,0.02061111461618071
3,0.023875083277557156
3,0.010641284364011785
3,0.003684570884933116
1,0.043962621276890004
3,0.006477882689909559
3,0.03608629162114814
3,0.03037318278095564
2,0.001892939748079928
1,0.06923274491045214
3,0.02256707602261316
3,0.029765932285145034
3,0.047019089489688776
3,0.0440217609701088
3,0.011346365922429418
3,0.011966580254762767
3,0.024089413254289302
3,0.019633199196208463
1,0.012242390048537149
3,0.06377270890663546
3,0.00509196699531426
0,0.007767617219723845
3,0.060150300044416634
3,0.04050276898123054
3,0.012224978867974702
0,0.05056358583826792
3,0.0059051838317686536
0,0.06213630659100578
3,0.009167366830153375
1,0.015285929730937335
3,0.07095379860715165
3,0.03260271713898357
3,0.009882152204920823
0,0.023193281488653846
3,0.032468552197681674
3,0.007223064243875831
3,0.011541039386543371
3,0.021603587931980545
0,0.0177888925572316
3,0.010289537291074569
1,0.013612194331145168
0,0.04274122508432665
3,0.03529321492059402
3,0.041615841429319414
1,0.16844059105541273
0,0.004636826501269095
3,0.021120696008334255
3,0.007150726351332936
3,0.033809754253053624
3,0.015848156316495377
0,0.009297894010495848
3,0.002974109564636932
0,0.0024237441346248107
3,0.006457667463738783
1,0.021338448000936726
1,0.054518426305162265
1,0.010422537109650472
2,0.011982663175978438
3,0.07290171579901762
0,0.022523740990957532
2,0.023480473369098934
3,0.028778849965069082
3,0.018245522098980647
0,0.12843306639872976
3,0.012650289973871357
3,0.011628740603446217
3,0.0015569685924461676
3,0.006109395814001937
1,0.011450336246952107
3,0.00599621748930015
3,0.03971232705063853
2,0.026164687969920084
3,0.024349222455845195
1,0.035283295959106134
3,0.007585179287003387
0,0.03237132860241183
0,0.014826665183983564
3,0.025581301317415556
3,0.0042250983567251104
2,0.025506663003589686
3,0.019692080670000407
3,0.03781380699127484
3,0.023652907092229312
1,0.02079637924799371
3,0.010886745198101483
1,0.1780254827656756
1,0.009496599010245936
1,0.027544457820488484
1,0.13534232287928022
0,0.02232714433652281
0,0.028447478686838282
3,0.033681095443981304
0,0.04938063453255185
3,0.018701850758442506
3,0.007469944884407049
3,0.007055196840748964
1,0.019340205378402628
3,0.01960602322165929
3,0.011191281062305585
1,0.24605569597797258
1,0.027565282166758742
0,0.043017319140883706
3,0.017865908226164125
3,0.02026344315280123
1,0.1340677613564521
3,0.04552747142691833
3,0.02041627859544609
1,0.05771144466907016
3,0.06384520103167063
3,0.009750173328371015
1,0.08206483427473336
1,0.02161439591144299
3,0.008776891667974674
3,0.04973473798020859
3,0.01228385683805374
3,0.0676733467060566
0,0.032265673320586656
3,0.07028483995922588
0,0.05182037117320815
0,0.03546394020075672
1,0.01356882284476451
2,0.02193765758108845
0,0.04013247164704063
3,0.05323371643993409
3,0.04606477916672664
1,0.08578822012023053
3,0.00580853422831481
1,0.01683922129405825
3,0.028450217558131
3,0.011890971399472936
3,0.054176340787200225
2,0.04002062939267963
3,0.0045486544371700815
3,0.01019408484684081
3,0.031161558824234943
3,0.007849222439910998
3,0.011519071530298868
3,0.0017202755537618338
3,0.009720192051810144
1,0.13900883363813324
2,0.006867804866865654
0,0.01248454929400695
3,0.10074536080532821
3,0.027371831318721666
3,0.03031453520445115
3,0.01143041428654366
3,0.004581872857581772
3,0.058160911453844416
3,0.04820410756412744
3,0.045267665876288464
2,0.006714811263251249
0,0.06977402390325382
3,0.09289983676796981
0,0.05568971567304766
3,0.014320492588403799
3,0.002858932143218108
3,0.007776580374261998
1,0.004024599798010923
1,0.06420271133685708
0,0.019084077218819752
3,0.009897873565013147
3,0.00944905419207135
3,0.008927332518658253
1,0.08260102616930878
0,0.007062161028029619
3,0.008441622066893962
3,0.05264305313959457
3,0.038526016434902485
1,0.02752320861495628
3,0.029156716766760755
3,0.005779977164108742
3,0.008838032415003822
0,0.01161341953493881
3,0.03649712829464669
1,0.03680828394815647
0,0.12189960735319011
3,0.007364126245785687
0,0.05283836203436316
0,0.02562614359886605
0,0.020266735531692868
0,0.07369619309096492
3,0.04462775593126264
3,0.005955857775263513
2,0.00780221663690452
1,0.09825238305746492
3,0.023538367931990937
1,0.08901002646999343
0,0.010681162327608663
3,0.009236807472111709
0,0.0381178753494553
3,0.042698615134509885
0,0.01803421277343709
1,0.016457916186304093
3,0.00998365858969689
1,0.07707973600021868
1,0.017607442396906745
1,0.007347758629384594
3,0.03427634329859985
1,0.07924574840611444
2,0.08253518947903736
2,0.007653433560158472
3,0.0023328980196989407
3,0.016118053151679572
2,0.007794096379626622
3,0.006547977314943629
3,0.0030484202266358516
3,0.05031750925228119
3,0.042340370831472796
1,0.07010323866058599
1,0.004020033205376271
3,0.004281383802507149
3,0.007980975110836105
2,0.023791255786096862
1,0.0748340696036746
3,0.021511371856479982
1,0.14868816347992325
3,0.09551295117228034
2,0.006879515899967172
3,0.05657981911492202
3,0.024274940589357166
1,0.014103300633342598
3,0.03956523164227411
3,0.06036219412395849
3,0.01652677273457237
3,0.04248722760405026
1,0.06054433704086736
2,0.02213003100523599
0,0.019655138090789868
3,0.011472282688698526
3,0.01003532737444822
3,0.011650229580970173
3,0.012483090839529715
2,0.05046740360348387
3,0.12253318866501085
3,0.009942307126378622
3,0.0025084063543441425
3,0.03497646624635292
1,0.025022320597244355
0,0.06694702785931443
3,0.09891190142199363
3,0.003984956930417291
1,0.00881636918204276
3,0.03611631855663126
3,0.008350291589928796
1,0.012954164991245354
3,0.0065494585970620545
3,0.055338634468116404
3,0.03944843137726753
1,0.011182196711662016
1,0.00931274586171715
3,0.016902202925892763
1,0.0270990489407932
3,0.05003227341618677
3,0.03545087331378151
1,0.01833893551783351
3,0.00905635070071875
1,0.09374382736127335
3,0.03419000227955614
1,0.08015345893304616
0,0.049385917552224476
3,0.16111928119485358
3,0.003444311678493406
1,0.02709915599679836
3,0.01620288424015353
3,0.2071436092110059
3,0.028978267128803577
3,0.017230728408993964
3,0.021379970094603427
3,0.07172627390439852
0,0.03844506615656754
1,0.08080253463472
3,0.021479669110298354
3,0.04706953329029154
3,0.02116016308922785
1,0.01518790549339383
2,0.030626777270297747
3,0.017242401439040548
1,0.010555651716206186
1,0.023664882993386267
3,0.019716713963747492
3,0.01581049492049843
3,0.01868397455916468
1,0.013963721487112791
3,0.033461605919866744
3,0.053200606483795536
0,0.018271976378751116
3,0.011243637893114482
3,0.01638308356948214
0,0.01004421504277269
0,0.00228369297831696
3,0.0506793515979541
3,0.010130479652278248
3,0.04664460354582544
3,0.005845794365641352
3,0.014211329386754241
3,0.05950557575146095
3,0.029775847777133033
3,0.02872236136663752
3,0.027561954342541464
3,0.015089722549990307
3,0.022843507411565243
1,0.02998969789044338
3,0.0183553246278591
3,0.031203883860729736
3,0.02111985690025466
3,0.03483805759151193
1,0.014096102742484719
3,0.0055433644206048455
3,0.05722107662618639
3,0.015518738217583702
3,0.006113791690369693
3,0.04313097541255502
1,0.026609221426847275
1,0.03226691458543696
0,0.008062180574373476
0,0.07600714813509195
3,0.026106413863508485
3,0.03964304085655852
3,0.033514012757798535
2,0.009356509908442638
3,0.11282180554510372
3,0.006842147335549874
1,0.15151458574113372
3,0.018708376471914003
3,0.034705733906635464
3,0.010806105178020838
0,0.0536594171947446
2,0.007910695004008641
3,0.05557123378584069
3,0.04634394502703622
0,0.04528205922893994
3,0.1367747603543844
0,0.026545226935916218
3,0.0061847862484961935
3,0.02446924596594375
1,0.023709243158213215
3,0.007198083784195249
3,0.015589074629292262
3,0.008942059287335637
3,0.05755448772018671
3,0.023576400825051743
1,0.028153320770190893
3,0.03568398445998226
2,0.019876152230286825
3,0.022677990177819296
3,0.009048885657889501
3,0.05220832307783889
0,0.1359963816314394
3,0.01761616592604723
0,0.0653673973213647
3,0.009593047609725305
1,0.0748305615565174
3,0.0090134927931091
3,0.04580473617233595
3,0.006278023044903094
1,0.01928252365213234
3,0.01345918155661918
3,0.9041355546909583
3,0.02011557794939237
0,0.03841670637396617
3,0.045791050518588935
3,0.0385980021724618
3,0.044041576350608784
3,0.06177859361788317
3,0.025107421677554233
3,0.06952869722032097
3,0.002730239799222891
3,0.006381276781482815
3,0.05096717404941135
3,0.021867250068002754
0,0.34101235706044136
1,0.028582152356972482
3,0.004519557557014317
2,0.02534155881342368
1,0.019997942459373745
3,0.01816003001543883
3,0.058586217858653415
3,0.01985516700042598
3,0.006417187021839377
1,0.03158582685188441
3,0.01791686472346812
1,0.01575458893749817
0,0.041015627419700225
2,0.026706968976907
3,0.013242889023809398
3,0.05848454834320389
2,0.04505920496138486
3,0.011372405673346382
3,0.025532344397494192
0,0.047583169747488295
3,0.019560801036658613
1,0.004677422345935666
3,0.03792664967817616
3,0.006168192343557491
3,0.02104832400555917
3,0.010669246913595635
1,0.09218734273700042
3,0.04066450526072292
1,0.09350667660042576
0,0.07940511453759173
3,0.04117081262598596
3,0.0455655127875722
2,0.003195664467175937
1,0.06540392456144055
0,0.003959535638843806
3,0.035230473053915995
3,0.015343586965774527
3,0.04238450373578552
3,0.06303098134862391
0,0.0699566045744111
3,0.05659119296144426
3,0.06703527008374068
0,0.033150375136919645
3,0.08285753504420265
1,0.0061304043011131786
2,0.10516185164737399
2,0.022937639144246
3,0.05945011499850749
3,0.069432462975194
3,0.007092391948178055
3,0.0072018991304540125
3,0.0065462423582625575
3,0.04687729923012084
2,0.012554049554933774
1,0.017840240346166845
3,0.009427138210724799
0,0.03706599073900856
0,0.0497912395524115
3,0.011244307317449739
3,0.04154981081474856
3,0.010586777138328857
3,0.005564641687273799
0,0.09398331652570849
3,0.025875114757754003
3,0.011019277279801933
3,0.009640726847250158
3,0.00816336967289168
3,0.0206014251739389
3,0.04439755044525832
3,0.012188009703685913
3,0.08521117108750675
3,0.004626725309163483
3,0.005792821736048021
0,0.04717588165293292
1,0.023128823072745594
3,0.02475593979547094
3,0.013192113118801464
0,0.03896358757755368
3,0.008234432070657719
1,0.016953195970863394
3,0.0057063001759245875
3,0.045590738265316406
0,0.003836566713631038
3,0.0033133417021635014
2,0.022632259442361965
1,1.0685512887177038
1,0.10443591787871415
3,0.012235770054361847
3,0.09946670255149975
3,0.064194467075717
3,0.012001829589930173
3,0.03519366932962338
3,0.017139200951484353
1,0.01555922665368347
1,0.013774592485296956
1,0.013631597777363096
1,0.10632099564138332
0,0.009395518142155232
3,0.01789519667701143
2,0.023460167964134884
0,0.06091804414388062
3,0.03068958967169534
3,0.008867226070553303
3,0.08268264956993167
3,0.06156131357306797
3,0.007339171050201357
0,0.016678970953977877
1,0.016202085254779966
0,0.020595013044079586
3,0.11315957059963251
3,0.03237615840904291
3,0.07174575667332796
1,0.026036462587198612
3,0.007466160736315149
0,0.019541848955921717
3,0.04890403936095728
3,0.008353516755578307
3,0.04182497662951352
3,0.0388169257168992
0,0.032475255996768315
3,0.04631419291684756
2,0.0076463891387370635
2,0.018994256702446467
3,0.025107517253370886
3,0.018102123412547303
3,0.018524819050198447
1,0.07596579998095704
0,0.020023917364506635
2,0.014691543519109555
2,0.11785734951114153
3,0.04754069097575279
3,0.011827689343314294
3,0.008770788186628475
1,0.002717670720591544
3,0.011497819886854178
1,0.03699862373344979
3,0.022921210866204796
3,0.05072176865276289
3,0.026087264075436822
3,0.05212337191726381
3,0.026516464842613052
0,0.11407070298305759
1,0.053872730700678675
3,0.03198913898127465
1,0.03803595254163007
0,0.024798675606062817
0,0.029924936755370116
3,0.016525901588438974
3,0.03406307541945235
3,0.014962638393978487
3,0.01607781961855041
3,0.007363357141535427
3,0.011389526938408223
3,0.02786614704499584
1,0.018931045452492024
3,0.034985133885556435
0,0.028892925530598888
1,0.0539362119214578
3,0.0416009398080155
3,0.014849321350337286
2,0.013835376054419144
3,0.015290373885275911
3,0.020860468882610703
1,0.022910174823117687
3,0.03646406449478064
0,0.022934940577119336
3,0.008008775895794889
3,0.029276360871238923
3,0.0041134901801975635
3,0.0013306038083634988
3,0.006123857122297603
3,0.016943531680190402
0,0.02986674182131971
3,0.04225863091670933
3,0.022032810695840153
3,0.006838776009115578
3,0.02900259369541865
2,0.05212881526321535
0,0.04073105608886264
3,0.014241720302888995
3,0.03658137098063495
1,0.043075098843955065
3,0.03294731882778888
3,0.012480895493532793
3,0.012959845309905148
0,0.021221403641115147
3,0.018440967337690642
0,0.006404859126720045
3,0.02973115584664978
3,0.005752800313120398
1,0.0617154704040432
3,0.03650066983791432
2,0.011587679172262912
3,0.020846517456557426
3,0.0110897653705934
3,0.020761589882996097
3,0.02865440611754122
2,0.01601405162083017
0,0.013310779690546485
3,0.07868037090268591
3,0.037534185390662694
3,0.02002649960514866
3,0.03268183922245518
3,0.009483718381911527
3,0.006735342309594624
0,0.005708864746270106
3,0.008567932059817736
1,0.016894263615136067
0,0.04331180464106473
3,0.0021042420837407033
3,0.011522743694653621
1,0.014013770452039019
0,0.07022076448006799
3,0.009922309344698281
1,0.03193257381548141
3,0.022941760831277084
3,0.08271041792039037
0,0.04222941884601578
3,0.011799282238877997
3,0.057692356163276615
3,0.03169493917423993
1,0.11543152131257563
1,0.1827597968663934
2,0.05621530715214454
3,0.010465219501840001
1,0.020040599471911016
1,0.05713194711718468
3,0.00451041931706845
3,0.0025601982644475265
3,0.009579088699113412
0,0.050030211599678034
3,0.12023737595115563
1,0.019218089555088864
3,0.03867266165821654
3,0.03298394977413536
3,0.29807247805214515
3,0.012006918842946444
1,0.09467681841802177
3,0.04308144884985923
3,0.025644759070885557
3,0.00917822568169564
0,0.02836328693346524
0,0.016811810361671325
3,0.04872065908088008
3,0.025863018732248465
3,0.01947030851900346
1,0.031215929037170756
1,0.015650415242174878
3,0.008172332009462498
3,0.008377036337451339
0,0.10443557962745934
3,0.00754469104815996
0,0.03031693009470612
1,0.041793617601568196
3,0.03349469958027597
3,0.03494512012330892
3,0.00562625312689714
3,0.04087617522149725
3,0.013624554075047698
1,0.06988835118398146
1,0.07958093933672061
3,0.02421554972996084
3,0.05371880225971704
3,0.030614175061969465
3,0.02960946103138499
1,0.02201932676982801
1,0.009932278709267732
3,0.11072320142368415
3,0.009306591212642747
3,0.029694170442749072
3,0.002738357668251668
3,0.06740588232320509
3,0.013062901836274388
3,0.016053987716230393
3,0.024903192627451498
0,0.022891716242542347
0,0.08074376940654918
3,0.19707295932108948
3,0.02926391781375949
3,0.024238340676369242
3,0.022579782502846243
3,0.055248941508638655
3,0.06618615086350867
3,0.019850604714146094
3,0.0072356055785031135
3,0.012322399456659762
3,0.008452625829379404
3,0.029492502742982245
0,0.015739323281847212
3,0.11167755133684522
3,0.016533474627177833
3,0.024585543282599393
3,0.0229017705333176
3,0.002235124151591409
3,0.018769027280087405
3,0.14330082137931519
3,0.007763698239669278
3,0.14229815844003296
1,0.13820850969151147
3,0.010109107934360725
3,0.006004281253165154
3,0.04725320193524881
0,0.019437633911263512
3,0.05223912517370281
0,0.016720845603386634
3,0.039139201191800005
3,0.04184122941030232
3,0.009830104917730067
3,0.014262874296798763
1,0.029361978442971916
0,0.006053272872113892
3,0.015162750256975567
3,0.04632279128487381
2,0.01998610207069914
3,0.08641045070129307
2,0.032439481483437616
3,0.011276873124592163
3,0.06592629936336937
3,0.030638214607041844
3,0.06394574671942882
3,0.028989890786189243
0,0.11374191127330033
3,0.03777535700836344
0,0.07579650144339656
1,0.02531300647018558
3,0.016721367198209495
0,0.1191154150192367
3,0.053860693464077916
1,0.006701920036689743
3,0.045021242084539156
1,0.03618211146274521
0,0.04241801298441256
1,0.022445769802595775
3,0.016938419081983465
0,0.023121314418218138
3,0.04806665376593923
3,0.009513726095050275
3,0.18627185710188243
3,0.009178393180535281
0,0.046045967858294096
2,0.03293182840791197
3,0.06731107695174955
3,0.013781749158881603
0,0.032161106823121066
1,0.010790263504294153
0,0.04328042381039754
3,0.033922279145577466
3,0.011320669057256007
3,0.008204986825907607
2,0.10296004714903352
3,0.05832930870525431
3,0.057144070597815275
3,0.02952518689156492
0,0.03296680146683006
3,0.0342400701579426
1,0.03773294979760674
3,0.013865098931769897
3,0.05407988656527571
1,0.052304155168745266
0,0.03910429717393596
1,0.07104630112593865
3,0.008648731696418525
0,0.026781295507770912
2,0.02353867679336123
3,0.0071184572130477235
3,0.06516982581391091
3,0.04536389944243183
2,0.008663754099576428
3,0.010061703803456806
3,0.007235192255544726
3,0.01887382051297296
0,0.00631019804909585
3,0.01860341908681777
3,0.013367746516985673
3,0.03694193536636131
3,0.06412086447459633
3,0.015241808823519117
3,0.03198554825081615
3,0.03024610768922568
3,0.025093893414356014
1,0.005496308954668196
3,0.029812354847958984
3,0.09661229186063205
3,0.0056499443050340575
1,0.02000886407439632
0,0.08127261013007366
3,0.03851622226832133
2,0.015289441418245571
1,0.013277661448377973
3,0.009322774513408414
2,0.025160975098880236
3,0.026614069990659454
3,0.01174799533491818
2,0.01212135361314071
3,0.00680845758467309
3,0.029127827940649057
1,0.08877441930939964
3,0.028488551353397583
0,0.11236276295426274
3,0.0387780228257347
3,0.03686410639362972
0,0.01805397208260929
0,0.021257188184885808
3,0.20884468836841485
3,0.05863815578427949
2,0.0059793254070133455
3,0.006985025617412792
3,0.055791477710343124
3,0.012509895836776598
2,0.012876889260097422
1,0.0194380994397673
3,0.006852975291718211
3,0.012298214535060959
3,0.01572489574106489
1,0.028401779338903144
3,0.009905279795436343
1,0.03498727224462931
3,0.015900812442307066
1,0.010108962025018335
2,0.13377779251881536
0,0.007439469827479547
3,0.00538010927171377
3,0.01984700858276556
1,0.09769575698947386
3,0.031643314281397814
3,0.02874399843397764
3,0.009835777637417257
1,0.00893803304899639
3,0.011193157383672056
3,0.011806793821530083
3,0.05985098357496061
3,0.01019026336998006
1,0.028610821512989677
3,0.007676077136373393
3,0.019535725373194937
3,0.03407529207420375
3,0.030207452886465463
3,0.008781334113617346
0,0.06788796851911966
1,0.011127930682354768
1,0.08784239041336692
2,0.03512188495070644
3,0.0561318102000017
0,0.0450987060216327
3,0.028299957462683704
3,0.119111258870039
3,0.0176387739254958
3,0.040099212663982836
3,0.01351333208394572
0,0.03575724568056126
3,0.016859149325182978
3,0.11240037131042316
1,0.03445587201276345
3,0.019356082224085542
0,0.059928548663110974
0,0.00905344121670065
3,0.027146906986821286
0,0.08703890601550773
1,0.04913452433565478
3,0.010418541491339927
0,0.04942825062692669
2,0.03734748036696148
3,0.012249636909956507
3,0.03663364463323632
1,0.01097567496814565
0,0.03108713677238598
3,0.02398119672947691
2,0.041469390282339855
3,0.021432962777097962
1,0.026132295031785054
3,0.06106773849556269
3,0.009611538290196982
3,0.008456005362299214
3,0.009180443148771643
3,0.008383048378819143
3,0.04992482015916728
0,0.025680238008625143
3,0.08706228232934098
3,0.02953018791693924
3,0.016922578559239846
0,0.008097664059805427
2,0.04689632559094711
3,0.04557746204291009
1,0.011363057671719452
3,0.03542656872297826
0,0.00630583393668555
3,0.011313299267754894
0,0.05007654998736826
0,0.023231055959709965
1,0.1640127720601462
1,0.01461892763149539
0,0.03836828788921646
1,0.007851422640609337
3,0.026116829093114805
3,0.015743350113946345
3,0.03893386196592079
1,0.12549161818310592
3,0.003962900850334721
0,0.002605344185710647
3,0.0010532849495685653
3,0.04984347604039336
1,0.01690386682847359
0,0.01667046530040389
3,0.01486875756947368
3,0.0325734326278394
3,0.002205422702989321
3,0.03662164687079285
3,0.04459415651241239
3,0.00748001241648968
3,0.051486688102966
3,0.010507517694835652
3,0.015624811200618925
1,0.027342893948898276
1,0.11639161337901037
3,0.01497275300087596
1,0.010784894481132595
3,0.1838947681968
3,0.08367138889075261
3,0.004768321913056987
3,0.020727445480440587
0,0.03622108674765488
1,0.06342837397459339
0,0.03420642975801036
3,0.005381850889949691
1,0.0046069442458064385
0,0.012623725979249545
3,0.008685471367694642
3,0.005826275080849797
3,0.029888382415662464
3,0.027269881368017303
0,0.02278736510624679
3,0.008890685360683647
3,0.03371732058474113
3,0.017351965649623578
3,0.007908644543018513
3,0.016170621909914557
0,0.10808511200194816
3,0.02245524606936753
3,0.050364755040847475
3,0.016465029862396667
0,0.03965080885934234
3,0.007475903762323855
2,0.07133706921878735
0,0.02494576358735264
3,0.011535173766950652
0,0.007875507428434299
3,0.014363673885770156
1,0.08090310722381258
3,0.009956789331407572
2,0.008256085486138773
3,0.07545001184955497
0,0.1604041501063983
3,0.007316486574387381
3,0.0067036307020768154
3,0.0022636824209628574
1,0.11354695476142361
1,0.018032016432790118
3,0.03718230439267461
2,0.022431828993299777
3,0.044465947063282205
3,0.15556222712173906
3,0.01330495819523697
1,0.02195958294221856
3,0.10820594058074279
2,0.006820589964503428
1,0.06455241452526236
3,0.0055025763049969265
3,0.015291586319285688
3,0.05284947337459945
2,0.01132030852552363
0,0.04533115239322431
0,0.013372906733063267
3,0.15054718055301095
3,0.007051655518431972
3,0.009202796852821103
3,0.06461027255999024
3,0.008512210096019025
1,0.013521669991611628
0,0.008263314817267178
3,0.00847987695109437
0,0.02716711519701567
3,0.003505640129785765
3,0.02498216568420434
3,0.03288574808307735
3,0.00376054901881264
1,0.03236403423498479
3,0.059288646432832305
3,0.012693972555930268
3,0.036163078609594196
0,0.005067119576508705
3,0.004165266953551134
3,0.007233157402390717
3,0.010220156597978893
1,0.0343212916508246
3,0.026808649848089786
3,0.041229471200898996
0,0.016677865873564714
3,0.005938801634704427
3,0.010315870505826148
3,0.005676800506737721
3,0.05835937286290864
1,0.08134490982176966
0,0.005014162685004768
0,0.004886318535948861
3,0.059355221321392745
1,0.005044657141462022
3,0.007871900278483798
3,0.006017931301818268
3,0.006232611565417088
0,0.0058586510547189614
3,0.04675436431051922
1,0.02229801300517194
3,0.0382812954381706
3,0.026957598205726425
1,0.009651692734393409
2,0.06767380698116952
0,0.06831563749917391
3,0.0015268438750270447
3,0.018373350466707378
3,0.07235553066388473
3,0.021883919665034217
1,0.03641647894810356
3,0.013957102624857729
3,0.03740452215334624
3,0.05297433337462313
3,0.0063114569166285404
0,0.029036459254485683
3,0.01228296063750413
1,0.01485352526703158
1,0.013168046198316324
3,0.018608370135747475
3,0.026277405743498607
1,0.009776971154103895
3,0.030766555094278076
3,0.006090631778656152
2,0.03296758174176974
3,0.0021740992740641256
3,0.003693955208019092
3,0.01074657997370575
3,0.007831174392195809
3,0.03990372840232381
0,0.03051347578118117
3,0.040779334759652966
3,0.004229498507534402
3,0.03364636250412877
3,0.29579932650110313
3,0.0040198034620478875
3,0.031827569715310776
3,0.006786669086090676
3,0.021916154184218065
2,0.02530627842272575
0,0.02520636977417425
3,0.013762379140138068
3,0.013346621067687945
3,0.008083624283130956
3,0.005544556668574208
2,0.01219341494088587
3,0.08685296356600615
2,0.016799215454218707
3,0.009336097544332355
3,0.03249854400847396
3,0.014588577020265898
3,0.014550098971880596
0,0.006859712604364817
3,0.007630988977568581
0,0.01111398065160971
0,0.02876283597765369
1,0.04411836765576511
3,0.005291657171191443
3,0.04056813459570274
3,0.008996801964278218
3,0.011859219288872165
3,0.03701116105646674
1,0.07209123359085798
0,0.026460818924603675
0,0.028004555870150785
0,0.09127223758364846
3,0.02496341145076057
3,0.05104986772124753
2,0.019960106936728752
3,0.007878830964066235
0,0.012360124833436391
1,0.0875656082651727
1,0.029464248819190502
1,0.019751754946072557
3,0.05911514153640188
1,0.011866401519627921
3,0.001880203377429805
3,0.04312404294294193
0,0.23080148088876112
0,0.01421205443452392
0,0.07589886009406949
3,0.05634913582765233
3,0.03515938066030954
3,0.03585610751468719
3,0.011936155380622785
3,0.03731176144916752
1,0.011125230593722288
3,0.012998468909592907
3,0.04464020636408942
3,0.0058994688013303525
3,0.011529833841179839
0,0.009160143503693242
0,0.009303025923837702
3,0.06903475751660083
3,0.03746166436037476
3,0.0321006744916688
3,0.16965977962927337
0,0.023621228191793634
1,0.004973887634083927
3,0.018769098662889803
0,0.06446973703787935
3,0.004264545396523158
3,0.0736445375632312
1,0.016885787849746106
2,0.011877329570395178
3,0.015758334332459746
0,0.01043124683946168
1,0.09382731431044164
1,0.007684691536946952
3,0.03054838844640128
0,0.03707462358737464
3,0.016169532083430086
1,0.048032165111151506
3,0.0064919236134816
0,0.0030446018423202605
3,0.009847313547020228
3,0.03920232453465697
0,0.007970628440436396
1,0.026870727477471792
3,0.007408723006678939
0,0.06201960422856668
2,0.024830970521273622
3,0.00996071182325193
0,0.022416649793445584
3,0.0332195686887928
0,0.015667701853089366
3,0.006138958531813226
1,0.039547668894556555
1,0.07796395215595814
3,0.05116654494084816
3,0.004480987797577646
3,0.007703395718596736
3,0.08321211575645478
0,0.05697671205250629
1,0.018469925675024305
3,0.00880107973898169
3,0.022020743170372798
3,0.017402875657026688
3,0.004327034442635608
3,0.009880643414755162
2,0.00689175620912113
3,0.021156052033046865
3,0.00988629793729966
3,0.04741449562086518
3,0.03699519053763123
0,0.007009156268772988
3,0.050241397293785246
3,0.029428426659259172
3,0.03511053190245477
3,0.10478624828347852
1,0.014300688037205474
3,0.045943005720277194
3,0.01224411417683641
3,0.04630864220499495
3,0.00940121623141233
3,0.0025057920075955255
3,0.0037871582509761133
0,0.02983418372160202
3,0.00660353523456401
2,0.029127331094188066
3,0.018239174358604972
3,0.032691745768140254
3,0.01658075648738854
1,0.03548713900936094
3,0.0132537330168887
3,0.06184121564173829
3,0.009113706694756534
1,0.05137750382004144
3,0.03142076206608567
3,0.01908972157078526
2,0.03432566428521602
1,0.01177122949845175
2,0.034975421939031574
3,0.023367563529573192
1,0.002759674973626217
1,0.24252500055655019
3,0.02139952935975791
3,0.0048016793571538105
2,0.01319627615595504
3,0.03567653322588905
0,0.024333124636908343
0,0.04898598729312269
0,0.025519582590099368
3,0.006463701766972886
3,0.040623004246243904
3,0.017807851563101752
3,0.01657265531838326
1,0.06523767721713457
3,0.01460565153052043
3,0.03967466338582842
3,0.003165736109386712
0,0.10091303878497887
1,0.013987825658345094
3,0.059087252438997824
3,0.055786040206220314
0,0.026006182962624344
3,0.05179895254068653
3,0.29174790646953025
1,0.02289241340329131
3,0.010838798717319019
1,0.13714283927133863
0,0.003879311263773368
3,0.010456155004413749
3,0.0593035019503031
1,0.13972366419727386
1,0.01719484458059558
1,0.15066518831961234
3,0.05517402510086392
2,0.021872703977665626
0,0.04502709722528268
1,0.067131972432874
0,0.035462448426133324
3,0.011755265851310152
1,0.022669728572975462
2,0.1924053998149562
3,0.060941432690332115
3,0.1032785294223572
3,0.0023317900232785824
2,0.03063896341226555
3,0.006521274462444797
3,0.002325713484401107
3,0.047614755414113495
0,0.042832563582474496
3,0.005600449949347297
3,0.05804400958038157
3,0.037630254651993364
3,0.042474415981778514
3,0.02052245243993906
3,0.004763321258505251
3,0.03050282484153112
3,0.011876500226176645
3,0.04298976206208041
3,0.015625071533867677
3,0.02023086798723954
0,0.0169526053150454
1,0.034388583009826675
3,0.006315712314228534
3,0.013954762006345826
3,0.016063477886268048
0,0.12055383393064259
3,0.018298261842467176
3,0.015675094663954718
3,0.01058114961587338
3,0.009681372035978035
1,0.017026751168360665
3,0.01313592441226928
3,0.0010336996708535005
3,0.013654101839175028
1,0.08054084174659813
3,0.00581538990636565
3,0.043011982097623996
3,0.005652256197451867
2,0.020721683473662798
1,0.02325146785915129
3,0.016612243140838312
3,0.006288871877254689
1,0.10548921702689598
1,0.002371457105231599
3,0.00408780600507712
3,0.0063565137693903095
0,0.06738945740173087
3,0.022594412682158824
3,0.030000158960027983
3,0.01349419183972105
3,0.04426390084084208
3,0.014981940043759008
3,0.03934347342781322
3,0.022518073770228995
3,0.0030752242839158454
3,0.006566497893752994
0,0.0069000724185565455
0,0.11490577508846493
3,0.030186983340162385
3,0.03704919832280678
3,0.02173741018777744
3,0.05193823332289614
3,0.026570703224743513
3,0.049246111607289214
3,0.01861509752815313
1,0.0894363897690103
3,0.017732371636284314
2,0.05070251800363544
3,0.028026944810975986
1,0.02754260477195119
3,0.19701880958872653
0,0.007189915591586286
1,0.03702126003918598
3,0.014276678833145524
1,0.009319733771548044
3,0.013569074237072784
1,0.02798575748780012
3,0.012612395127023359
1,0.02817521640664887
3,0.01943938239040853
3,0.12502806603612807
3,0.02327183733408384
1,0.024171228052642733
1,0.12852196537990357
3,0.007686751775509501
0,0.025142857414261036
3,0.04371100541379369
3,0.001999114559809898
3,0.01066609821430592
3,0.029542787326879965
3,0.007661571212830454
3,0.05358012509070989
0,0.015543391329396349
3,0.02355893937767715
3,0.018344836456808046
2,0.15491595312577172
0,0.022824027788333465
3,0.019843110666807086
3,0.027027669998477815
2,0.019287023388214607
3,0.018073649112152923
3,0.034497598165202516
1,0.021515452874690262
3,0.0384554787925459
1,0.11352646464235232
3,0.02660530536029892
3,0.010236961587092364
3,0.016867056048755335
3,0.02751274512996364
3,0.04274327940889579
3,0.05063012494979657
3,0.03469785635573496
3,0.010464058830330369
2,0.03693822697451979
1,0.11739157669191032
3,0.046653990368549
1,0.008705217888951258
3,0.04681852607223307
3,0.011651366964831527
3,0.011756801059446738
2,0.061129488339812806
3,0.02455043711085582
1,0.07206801220671794
3,0.026009581299448102
0,0.08371648679534428
3,0.037346157551273254
0,0.04426472879514261
1,0.07374619376326544
3,0.03517622142285596
3,0.019813546613356905
0,0.10439008188480957
3,0.01610881153968522
2,0.007556076796456269
2,0.05499471722149591
3,0.06575215782740655
3,0.008094244522695289
3,0.026101421514025634
3,0.04523450003991805
3,0.0020385059394683195
3,0.058025196760293045
1,0.020627758537312503
3,0.007907438466399106
3,0.030893325154202546
0,0.03160406422092825
3,0.013676292996342395
0,0.07865171554790756
3,0.00812103963002714
3,0.011495917086413752
3,0.02435964537847846
0,0.07142733221437894
3,0.01034701310660378
0,0.006890187975680705
3,0.03392073946839726
3,0.03026117098434247
3,0.020939013458990446
3,0.04609190416196889
3,0.008439107694147274
1,0.018135385574093527
0,0.034160601382342996
3,0.03274126836437218
3,0.016051434023359127
3,0.009106064909426358
3,0.023540739581172792
2,0.005977783704984733
3,0.012915470762943599
3,0.02556392992473646
0,0.040477509397316605
3,0.00692668451754334
3,0.02878017675977756
0,0.014096752462608445
3,0.11121168252420872
3,0.0062015633207408265
3,0.018681182475061234
0,0.04914288646458543
0,0.006725948084793266
2,0.011658582152132852
1,0.020672848608979003
3,0.14103847433225022
3,0.017138300833559432
3,0.0021595067356333084
1,0.0895922304555255
3,0.010123908383282912
3,0.0193605522579772
3,0.02237608403962044
0,0.017227121412709337
0,0.009383813709049327
3,0.0048367721989182174
3,0.007017269868092471
1,0.019486511223964567
3,0.04279180269288131
3,0.04125829466669762
3,0.004677935793797947
3,0.03214179139088407
3,0.0031491633648950924
0,0.025413226519615188
3,0.03217962803069138
3,0.002145676666623145
3,0.006743857484578055
3,0.04183015928291911
3,0.03549370523096132
1,0.017006377271620448
3,0.04935359943245058
1,0.07649253898816984
3,0.08561399430200134
3,0.04255591233833906
3,0.017516940075270073
0,0.016847867220238347
3,0.004029657650498255
1,0.05318548803030199
1,0.15534771839019376
0,0.08721503209553338
1,0.03655876225907964
3,0.008621021774420031
2,0.1341125304012595
3,0.021922191807113595
3,0.003555853155755357
0,0.0330185711912453
3,0.013522704609954531
3,0.016980089446844652
3,0.012145994136379738
0,0.04290165137670784
1,0.01770501825615113
3,0.03109433987313984
0,0.06925471789172713
1,0.16796628120367726
3,0.030303864043787272
0,0.016124353706056513
0,0.008972212896609802
3,0.009944146462268459
0,0.03434047990896331
3,0.02227773325581338
0,0.05203111330763961
3,0.014943296153575937
3,0.012486128821475928
3,0.03050430935284892
3,0.06120688351625843
3,0.007706311000684321
3,0.008421070778618738
2,0.08213285509430103
3,0.00901916963395342
1,0.01702705774577128
3,0.02741627532215498
3,0.01722522877875012
3,0.02159033335083112
3,0.0355661207269874
1,0.014870940219577057
1,0.17226369172647232
3,0.008021643382549421
3,0.008084433312555612
3,0.014005136065522457
3,0.04442373075077314
3,0.006363658845146867
3,0.031712066697699
0,0.03228952881917482
3,0.0492396484237818
3,0.00620928439912552
0,0.05108561162735713
3,0.002846877885457733
1,0.01629025643736527
3,0.08917780110749003
3,0.013168609073302424
3,0.010984244291144692
3,0.028733887481032283
3,0.002008299495731836
3,0.06221199718617997
0,0.06664216822183723
1,0.19297327327590147
1,0.11787302380169103
3,0.06531529237381847
3,0.08387258580012043
0,0.019189144320264785
3,0.02590357001422635
2,0.010878978780900692
1,0.07535482729741098
3,0.006142411633787572
0,0.06340408885218392
3,0.005129578276401552
3,0.019302074092054193
1,0.04235528505060563
3,0.06081745053372932
3,0.05780348453873226
1,0.02004501069929491
1,0.015532266261124325
3,0.014279452594429885
3,0.01920701851486363
3,0.025512428788015552
3,0.021289461615917042
0,0.06524533592640469
3,0.042935705140468995
3,0.03288315507795102
1,0.03244542360877805
0,0.005307639100883352
3,0.009964493534419583
1,0.044368548464907565
1,0.023280446787537396
0,0.06730341230190567
0,0.12887164802950893
3,0.02546064036797063
1,0.03595057644433839
3,0.01622129791142672
3,0.03596587613307169
3,0.06315062932428363
3,0.02670271745068017
2,0.012091852366334742
3,0.12910183919027649
3,0.01672390325741034
3,0.013401472176998247
1,0.07217790321806512
1,0.02581928418856805
1,0.712425059046861
0,0.07770218987243976
3,0.024471694464308285
0,0.008719314661996965
1,0.015449754124334894
1,0.1319385409210972
3,0.020285935072034432
3,0.013748063678893304
1,0.06391963656576563
1,0.3739103695058448
3,0.008643472416814528
3,0.0795546295905681
3,0.009444631803496546
1,0.06190578112462826
3,0.06844782953029886
3,0.006031289607200162
3,0.007155347869683744
3,0.04283688824985644
3,0.014855092261877641
1,0.01792533247025156
3,0.04806844522772242
3,0.02398209219405876
3,0.005029393935760986
3,0.04523034364975921
1,1.242118850773892
3,0.06129720645930029
3,0.08948374063689007
1,0.01792848433730943
1,0.02918918214055679
3,0.007160203378490415
3,0.007419582039370196
3,0.06420363565003674
3,0.0027675029775247745
3,0.02592766607241716
3,0.011663529617345292
0,0.015800652562153482
0,0.0071071835840391066
3,0.023746248645996084
3,0.011963465883655346
3,0.011665464340898697
3,0.06615391095024759
0,0.02056289033685136
3,0.009441192677850704
3,0.04041025550319265
3,0.010298859696029545
3,0.005057582576102952
3,0.05945864096558619
3,0.00375435140984279
3,0.03534321259379687
2,0.058230031190231415
3,0.014157106323646597
3,0.025076368514218458
0,0.017061061431746502
1,0.1593352034085083
0,0.03609020339602905
3,0.005313412404391109
3,0.022272019224142684
3,0.003803136232878489
2,0.006139143770706546
1,0.0016243903908284532
3,0.007334175781100087
2,0.017244816438500142
3,0.0427023811159396
3,0.01496858788469532
3,0.04880891892350085
3,0.030920093899069252
3,0.06459359609569382
3,0.0070293553189793145
3,0.0382911750876634
2,0.06530276510919354
3,0.09484955354287712
3,0.06240618768452966
1,0.0813584617642782
3,0.012664973876136455
0,0.020143730676054017
3,0.005742403855836815
3,0.016768605565151428
2,0.022339048136618016
3,0.010073723460115971
1,0.0886297583218198
3,0.025423559637315664
3,0.05392648314450687
3,0.010196964733708236
2,0.026243806598815107
3,0.006368521632688872
0,0.08265982498681826
1,0.013377643263258866
0,0.05408629098400897
1,0.036013709184648995
3,0.018148511460259146
0,0.010366233168216932
3,0.012663468610960689
3,0.009074647349420444
3,0.003231506742928932
0,0.05115728746973607
0,0.06656821262920463
3,0.006600122083027462
3,0.022770040443065867
1,0.040886961847108015
3,0.009528092561661724
3,0.0028928613900974986
0,0.07157403157248178
0,0.009852553163903292
3,0.017746766392749167
3,0.05944538956514202
2,0.0517970039000138
1,0.1432166228081836
3,0.02836268867273408
0,0.004331087204940779
3,0.13623314949085838
0,0.007063922926595824
2,0.006703378720076982
3,0.007171042734514329
2,0.027349661649262523
3,0.03603681611004727
2,0.04760519022115699
3,0.012841892145679117
3,0.0858892726342176
0,0.015187194904987707
3,0.009049196993201987
3,0.2580085888104157
3,0.006867396661249711
0,0.01378514463320462
3,0.011223592574324029
3,0.04299836592332978
3,0.0548496237172631
1,0.0972414818614413
3,0.0019940724833400975
3,0.003377911443684667
1,0.01024472803642032
2,0.004794675056638189
3,0.014923990141625598
3,0.008669879818278749
1,0.017525915675882034
3,0.1384473104245228
3,0.013219755917319085
3,0.008010863683144414
2,0.03413119813042325
3,0.009688815328919468
3,0.0347099956286786
1,0.020791626087468165
1,0.13068162562477575
1,0.04763537695356142
3,0.020595919695733524
0,0.04774353162648813
3,0.011697718785881042
3,0.02391680950497517
3,0.06114928701349621
3,0.022111686766045673
3,0.058624812667535935
3,0.018799530062481095
3,0.01356088638747476
3,0.06474838063011558
3,0.0372118531224502
3,0.023909034330474786
3,0.02747627903899181
3,0.004715911959984588
3,0.01517212916869386
3,0.041310533907269895
3,0.030949201957152214
3,0.03379814404585303
3,0.002209187327009122
0,0.06819856443830313
3,0.15046724189831345
3,0.0016101180237182871
3,0.037446556083671305
2,0.03422330140786751
3,0.016635667879745318
0,0.04291982008011061
3,0.015297849361054244
1,0.013963149036975039
0,0.011992903498758407
3,0.026226140235380637
3,0.01297633897606733
3,0.13749187125818427
3,0.04094999003800832
1,0.007374793330771636
3,0.02035097092685399
1,0.13669062894359327
3,0.03448001198949713
3,0.006564276081591517
3,0.029378226748010768
3,0.02029262963778191
3,0.019891737984937343
3,0.01786228399423507
3,0.013870683808023431
2,0.030307359049567044
0,0.04370197100340942
3,0.02345119472108293
3,0.025181777878268616
0,0.03824250983975938
3,0.01046078710534644
1,0.004247781005975542
1,0.004876267180390526
1,0.014474053536552213
1,0.13639356271670347
3,0.02860183115684792
3,0.006723847167189327
3,0.02017668467932856
3,0.008209047046950937
1,0.060105214189552864
3,0.015192559201799433
3,0.04290164377572632
3,0.09445483410760755
3,0.027833963758598482
3,0.054086925250640176
1,0.09206994979248848
3,0.012084068434577093
3,0.005774257962737587
1,0.10316517764071254
3,0.008638505977274943
0,0.030924027324875078
1,0.052497911573028334
3,0.07351234955814644
3,0.001905079984143193
1,0.014271373213240993
3,0.04921359045672007
0,0.04897587563626533
3,0.056130861610070776
3,0.05339418082311087
3,0.05407816496337119
3,0.03526384809463549
0,0.021552031789751864
3,0.028069920134771595
3,0.015459251056936825
0,0.014523264815737189
1,0.07463117652878906
3,0.05265135143780787
3,0.036211289642025475
3,0.010772049026748389
3,0.030060657059318537
3,0.026284857418674076
1,0.016392858474357154
1,0.017889645355062798
3,0.004456768123088767
0,0.049109012801008954
1,0.026217885144401647
3,0.02166374162218143
3,0.019726517817903987
3,0.04831339322491823
3,0.01725619249071004
0,0.032790184676003434
3,0.007160245783066306
1,0.06615596422792934
3,0.015026507500810238
1,0.06106250841042267
0,0.048286588926275506
0,0.00981631468146769
3,0.028312267793576783
3,0.005495487471182622
1,0.028852199364758673
3,0.00816853620804615
3,0.02594921874123132
1,0.022308435434630697
3,0.00978582144164722
0,0.015967058524582
3,0.04434735202633246
3,0.00832475702048285
3,0.062447317036186986
3,0.03519366035886678
1,0.006146628991704684
3,0.03604184878367083
0,0.0655639975319946
3,0.027636912205334055
2,0.026939212338946306
0,0.07526980478580945
0,0.034028326081214796
3,0.033942627217614034
1,0.036171239370296544
3,0.03382523721893088
1,0.02833884223029776
2,0.03033149259909457
0,0.027170762109577553
3,0.00840041059299288
1,0.01899593533680337
3,0.10579371091669788
3,0.01777577377150988
3,0.043263461248019594
3,0.016451904621793828
1,0.019556552822018118
3,0.012822096343416965
3,0.013664012244134245
3,0.13289643630234324
2,0.025463519793517266
3,0.04741946010408081
3,0.006197345896116342
3,0.047753984652914326
3,0.039907868102294256
3,0.0184861838650932
3,0.014363294873157849
3,0.007174860577929058
3,0.02157308309556226
3,0.011676657580217424
3,0.002615609860163276
3,0.006834030384207059
1,0.012463078189831864
3,0.021880495988105524
3,0.07103049112579223
3,0.018827355882969497
0,0.06847330716177737
3,0.03643686806905658
3,0.01009605732824309
3,0.006333543813778519
1,0.017236179662207002
0,0.05762680798186075
3,0.04606444410448203
3,0.05609555998311796
3,0.015730051309909086
3,0.007842888349637782
1,0.038398284349766006
3,0.03424958970057863
3,0.02059610318842773
3,0.03825825089313322
3,0.016382917651177102
1,0.0752616629869452
3,0.01105466524165143
0,0.021692438952658315
3,0.012636225066714914
3,0.005605259079017123
3,0.05002426097363151
3,0.04199562901770936
3,0.03657644969009087
3,0.07596991745409307
3,0.01702317413386676
3,0.007823125088144728
3,0.0659541115603613
3,0.11318074137023902
3,0.051495473589124444
3,0.031829789380897276
3,0.006054913030754371
3,0.03896619988908981
2,0.025021601661793284
1,0.10637685976983643
3,0.02195695288786708
2,0.0021688907222383747
3,0.0018714750838677945
0,0.14524285519507346
3,0.17762602594335525
3,0.06928666160031939
3,0.023411332371604678
1,0.08216963459134274
3,0.3394661474842043
3,0.03403511216685468
3,0.013191746900590863
3,0.007589906318881169
2,0.04634959343014303
0,0.01886861375044999
3,0.057465911984400694
0,0.08925726578447263
3,0.0014534228790112993
3,0.030851675540019552
1,0.07942987026180623
0,0.06742804519273508
2,0.014301908238015332
0,0.010522359639996206
3,0.011907524782696592
3,0.007332615759948625
3,0.021441243566549455
3,0.006577274428378438
2,0.06824379520827914
0,0.008856203159261498
3,0.05115617503107531
3,0.030687871036616923
0,0.020918261025473173
3,0.0372761175326658
3,0.01269308880064008
3,0.009233158987795585
3,0.03841557695203436
0,0.012472213166217319
3,0.029991662618681688
3,0.005869197224922553
3,0.013200378643508624
3,0.026808009189902005
3,0.037121335904670046
3,0.018337456080215798
3,0.006937535703503762
3,0.015787529913776185
2,0.020004015305042214
0,0.11513091459116517
0,0.012265997697049474
1,0.05907740640982113
3,0.06015899354348025
2,0.0155875212031943
0,0.03612654342408689
3,0.046613889062206246
3,0.030185553974263018
3,0.0076285131472136275
0,0.0383414258982787
3,0.06307237649264766
3,0.01410968696259836
3,0.014352438358716236
3,0.0031995298176508906
1,0.09189875645854519
3,0.005072390864305282
3,0.07174372926347951
3,0.009158422984389103
0,0.042274021078830035
0,0.06998962046964985
2,0.036787705042301826
1,0.0326536059257836
3,0.04808562239609268
1,0.018636522670362754
2,0.06666192842643337
3,0.006975405694245504
0,0.017539442836326448
0,0.025971032404363856
3,0.01353969954230897
1,0.002776819490989006
1,0.017450979719918307
3,0.0668812189929695
3,0.012396653388568121
3,0.017533891650978656
1,0.021791931054193976
0,0.019934818443751244
1,0.03591847483432974
3,0.0374747936422175
1,0.034462608234038024
3,0.034756277820470645
3,0.054306072592933304
3,0.010973160265964382
0,0.030372743876974913
1,0.04591551090890251
3,0.07552492959820273
0,0.014139462784658564
1,0.07272081447960356
3,0.013994115578356855
3,0.04626513238500697
3,0.00207561381289877
3,0.004358973463927564
3,0.005817255046393608
3,0.005821508374859854
3,0.002503065873436808
1,0.11234109208103547
3,0.0067615379392070105
0,0.09446307355256821
3,0.057618980234216674
0,0.02825610472239222
1,0.3200769574841554
0,0.06504987930895301
3,0.04121958480071463
3,0.004081972101303579
3,0.0055327812744362164
3,0.005013636910008761
3,0.009274028975763998
3,0.026662084996448367
1,0.017664659107905392
3,0.05287219435542932
3,0.008689855672117185
3,0.020874134165022516
3,0.008081968610701325
3,0.034715860241444595
0,0.014809371808624945
2,0.004777724820183824
0,0.11391733023819248
3,0.01528403995973319
3,0.025595090465153847
3,0.02322338820789473
0,0.036641706727661365
3,0.011442880622491132
0,0.007891062456463932
3,0.005677227323255932
3,0.06085434255447524
0,0.09965846620699227
0,0.01661361161543785
3,0.0499420496761457
3,0.010028153183677958
2,0.01688085828466574
3,0.025922437356580792
2,0.039422097412463136
1,0.039978660997958264
3,0.020512637658984
3,0.004666880527838041
0,0.03722460840202519
1,0.017431467328776193
3,0.010682608342401078
3,0.05899966772486571
3,0.021289590614514468
3,0.04804022407875659
3,0.015838322962969453
0,0.011389189734331699
2,0.011352044261276194
3,0.025593938575129076
1,0.020894442402624672
3,0.041642132598659246
0,0.022935836871631796
3,0.011059283610741277
3,0.0052627170792703005
2,0.016604539881412632
3,0.01090749124861465
3,0.014036144037548916
3,0.018252845028661237
3,0.02837187499149248
2,0.05119032305410547
3,0.02757645537569183
3,0.05285256304865693
3,0.030006106142950014
3,0.004483048656849896
3,0.008641659640331213
2,0.0065306078830330485
3,0.011081714162065057
2,0.05161666722970368
3,0.008987954609073966
0,0.05515542912288765
3,0.02808043644231599
3,0.01769834802840328
0,0.05325075446767412
3,0.016062701630620433
3,0.10687398737857418
1,0.07429095920992836
3,0.007519950311844435
3,0.039291813604077026
3,0.04470267540573014
0,0.012388435014432082
0,0.01317470672264575
3,0.003843310221415128
0,0.018068686439775848
3,0.028233524207807028
3,0.010346006190212559
1,0.11752119336370942
2,0.04277144899041961
3,0.060858834326745145
3,0.011231776045952924
3,0.13104644844029706
1,0.0547654208670979
1,0.12762452141197514
3,0.21852677800707937
3,0.011046480777963708
3,0.010514236375789394
3,0.005236766543870392
3,0.10144178514839428
3,0.028931116155524364
0,0.2017031341488903
3,0.05029926184225245
3,0.0241727110229672
2,0.03420197602609419
3,0.02289206442703637
3,0.02429540658540956
3,0.013974862594387537
3,0.04719987774653684
3,0.01830790475080253
3,0.012044732772772234
0,0.008005274168430419
3,0.013850480274068608
3,0.08424106186886776
3,0.011766532703257705
3,0.01774727487437326
3,0.021717248236557872
1,0.003228607637057891
0,0.06542257817730361
2,0.02478252744754595
3,0.019909720549825965
0,0.02127461977699417
3,0.02350509522059205
3,0.04294095314679746
3,0.1815080408746483
1,0.07044206520314295
1,0.01235739027659108
1,0.10874948497727256
3,0.07019432727601713
1,0.18884379327829712
0,0.029664757001188407
3,0.008300698832589245
3,0.019619544118337377
3,0.03694639016682979
3,0.01920499873573623
3,0.011040194875723209
3,0.014440742476540465
3,0.03465725619179722
3,0.03494098715437826
3,0.046036489837144985
1,0.00947383972409587
2,0.10531414060219386
0,0.01550752974883642
0,0.039673960620914654
2,0.005413887777064475
3,0.018002294644090554
3,0.006834131076206994
3,0.03153747473146985
1,0.029247619697093566
3,0.03999563102600219
2,0.017946978797331002
3,0.01249082026270735
0,0.06741488805486257
1,0.8453007291728808
3,0.07160919929946857
3,0.03369001546278428
3,0.015084908313929977
3,0.06412191992935744
1,0.052123260894333716
3,0.035711973807308825
3,0.024019220549732122
1,0.01425293196515018
3,0.028157202543119715
3,0.013937653803393853
2,0.09751615280825957
3,0.05097178828060886
3,0.0518948329964734
3,0.006393909535838488
1,0.02196835846987244
1,0.06250695680917916
3,0.014362590435406518
1,0.023752189738454613
0,0.2552663135909828
2,0.0072311206447228426
1,0.004366263921205143
3,0.007668881714196831
1,0.004101624649314935
3,0.01385261653749184
3,0.010172100415033507
0,0.02738724331400431
0,0.02011980180630048
3,0.006448503644107243
0,0.01229841672117002
3,0.015058457782419814
2,0.02680679220502586
3,0.00741595887251984
3,0.04942920504315685
1,0.16056516930278406
2,0.03554352244147285
0,0.06409983258883453
3,0.028814906785105048
3,0.011577564129230647
3,0.12662182770306613
3,0.05530799641304793
3,0.05856447859841773
3,0.00573206057834447
3,0.009226928627289143
3,0.010472960411061395
2,0.030742260888953273
0,0.056262803285055424
0,0.007983177512475277
3,0.02605232157954577
3,0.014082120147633603
3,0.04429450919347869
3,0.03030487276785928
3,0.040971033533356814
3,0.005917347489301149
3,0.017426337858318815
0,0.11891647425898576
3,0.003698017772417161
1,0.17864652035438275
2,0.016289864533082725
3,0.0455855038227634
3,0.04725070702614277
3,0.10628693294527111
3,0.009888904639368534
3,0.010360792773891745
1,0.10935367628089263
3,0.013570797884365098
3,0.010702560993361001
1,0.009935331615582327
0,0.040349848527408125
1,0.03673110570372961
1,0.01857265732597969
0,0.03970233549142021
3,0.05516105666313104
3,0.010435773605833722
0,0.07287613928686534
3,0.013433529566059458
3,0.010372396346405847
2,0.05009858016873232
3,0.021170234799305576
1,0.025818264583438524
2,0.08213181233401845
3,0.04474428372048629
3,0.028461741025977965
3,0.0059007919174344035
0,0.035596805161189925
2,0.006586416835370452
3,0.03840178643966717
1,0.010501819999310899
3,0.05249877090964358
3,0.0019882864267912557
1,0.15211004703460568
3,0.009610750789686916
3,0.024389988034250742
1,0.14852409957093488
0,0.03181426767818562
3,0.015574501619113858
3,0.01532727608587816
3,0.013554259260612302
3,0.006378187906664231
3,0.028319912240087466
3,0.035341370900092525
3,0.04360679022894977
3,0.010259657477486266
3,0.005825793045060112
3,0.060505348640269754
0,0.05196438166407889
0,0.02761715266091593
0,0.30920456365866195
3,0.013827383479769901
3,0.014051371958580099
2,0.0039349724421433325
0,0.00935843864137366
3,0.04807661820200229
3,0.031115402385170885
3,0.01567499053497873
3,0.0038949109510359866
3,0.010520717964635901
0,0.062145412785106276
0,0.04571242593941376
3,0.031812066186898975
3,0.010703071427795589
1,0.15411138725746107
3,0.022663450207962774
3,0.02760169276664559
3,0.023735718531927245
1,0.01734097429300358
3,0.04924511201243177
1,0.12460556899147876
3,0.030572499387180336
3,0.024566070104715492
3,0.054961209316602096
2,0.034674181148280594
3,0.03041937891037933
3,0.021955140008141267
3,0.03363908792659338
3,0.026308895618776213
3,0.11086542865824077
2,0.07705015549300159
3,0.03217946173222413
3,0.027493924036302804
3,0.008724486209394651
1,0.01992530595944977
3,0.06282418391350418
3,0.002565632333085978
0,0.13642713842551976
2,0.017938572214924172
0,0.058646473332487625
1,0.03440404340653742
3,0.029129203551633922
0,0.05134668629957969
3,0.008803223851095505
0,0.005290620951716137
1,0.07690878660227864
3,0.027448661013014245
3,0.0033546348236765853
3,0.05197282454239412
0,0.02888372025947763
3,0.03575864700866308
3,0.034980370421723375
3,0.051469270181356934
1,0.032642411961267534
3,0.024156727041913333
3,0.02006187338886821
1,0.04391090261150924
2,0.035238289088829
0,0.02561543063269424
3,0.015459209036498068
2,0.0325217059855894
1,0.02239615606048378
1,0.056083194217902976
3,0.011651837737727749
3,0.04576037113389408
2,0.04498574146549427
3,0.011466790653727533
3,0.03622581986595458
3,0.00826439989239568
3,0.01606916999644086
0,0.013778319638742998
3,0.05223983209982823
3,0.011697076459406054
3,0.008215363947667061
0,0.05611782231475614
3,0.007473227140501716
3,0.02076297075933178
3,0.056488222060832885
2,0.12768887109624963
3,0.00597601389871938
3,0.06146222727169007
1,0.08192155313049501
3,0.013776357646200606
3,0.040582325959252555
1,0.016243026515116988
3,0.009668593783784084
3,0.047824279998329125
1,0.06837716926474105
3,0.04627776195708452
3,0.03163223256619612
3,0.05504588160714763
3,0.030847102207112044
3,0.03474406649067015
3,0.0082910942429302
3,0.023417944366897717
1,0.012874001639889285
0,0.030196261308127935
3,0.027545248450386948
3,0.0514389795646811
3,0.02304229527566524
3,0.022253962899162743
3,0.020675285146258424
0,0.07266612651019155
3,0.059005379910659565
3,0.015301786248358996
1,0.02080043488061104
3,0.053185949286010184
3,0.04019664923524875
3,0.05200976714975032
3,0.010988648235247494
1,0.01611650822861146
3,0.0849436992029235
3,0.009536129983360914
3,0.061172311438904906
1,0.02176044803793903
1,0.0032012732140042103
3,0.012158545356376812
3,0.04717095988504911
3,0.005460171713671567
3,0.0029017558065307226
3,0.011534440271902511
0,0.020537919281341497
0,0.029750993577810175
3,0.014260427085137146
3,0.010599451448220904
3,0.05629853081415181
3,0.009201825773460874
0,0.04242575762349935
1,0.03264890749190103
3,0.004369388011084203
3,0.005589367990074494
3,0.04525010588023319
3,0.04019529230136605
3,0.05706015481206174
3,0.022157870087010288
3,0.02583517164948612
3,0.03275890329330684
1,0.01142931226025257
3,0.05818153668049897
3,0.0846485022328563
3,0.014898646163146092
3,0.026285719216630896
3,0.015075216174481303
3,0.026863566964448783
3,0.011415845914203736
0,0.017744612964061036
2,0.0602668860324671
3,0.05622121066433659
3,0.008266847799952222
1,0.03515009563048176
0,0.037807713923436584
0,0.0519826739905711
3,0.01047991220591442
1,0.047375405446769076
3,0.006391668364189007
2,0.013742344978876731
1,0.023274164540208774
3,0.1050870608150981
3,0.00635163788431824
3,0.09610978498239663
3,0.011749933984456258
3,0.06212627926610982
3,0.020400351553514422
1,0.012913012886241686
1,0.02581908387891093
1,0.07331160512024183
3,0.06638687740410248
3,0.07122838494332392
1,0.02748761180432183
3,0.03855997947522845
0,0.04701075778016743
3,0.013520128448380695
3,0.008919504705230176
3,0.009135506554907337
3,0.013873850838562317
2,0.021978758677035068
0,0.03300598377453853
3,0.03012652483073495
3,0.007589496903402141
0,0.0681057967130429
3,0.03473785858660184
3,0.012033133317482979
3,0.04025678855897057
1,0.020028400241538617
3,0.030684633533705128
2,0.010283970588662348
3,0.018688192799752763
0,0.0025155941225061236
3,0.010021085783509185
3,0.009427274067559853
3,0.00952159565069888
2,0.03479874450398269
1,0.03322763437045424
2,0.03714462918695157
3,0.008036472686482384
3,0.006757544295986744
3,0.013227531046154732
3,0.009547689146622462
0,0.027011333820169552
3,0.04274803634686619
3,0.013098206596744828
2,0.10961112013973605
3,0.039472394110122516
3,0.01018047192353
1,0.04395488508748121
3,0.023058517539268596
3,0.04128672258886941
3,0.04127927544836112
3,0.034017226935685166
0,0.1352168831044738
3,0.018700279750350858
0,0.14745563674624657
1,0.07523823440325979
3,0.03066304764817733
3,0.08470905619542478
3,0.008657912924704017
3,0.12020037211758729
1,0.05236531844514269
3,0.024510030346735226
3,0.023600499330424834
3,0.005109184006125182
2,0.006725952795524541
0,0.025533943656160758
2,0.06719380919789174
3,0.0057243569307003864
3,0.01288735892275128
1,0.09713954175689454
2,0.01171253433432707
3,0.02075345506427863
3,0.020131596646657052
0,0.027220400597158932
3,0.012261172806399937
0,0.03192855696771385
3,0.04484798240742824
1,0.025913691154731258
3,0.035049840950468654
0,0.05132960943477524
3,0.05147022772703428
3,0.003451932244803309
3,0.016016202219108964
1,0.06735196561605981
3,0.01452616667770066
3,0.02285392478255169
1,0.03822240674761689
3,0.058756362995173644
0,0.1059631836920699
3,0.005933619975380737
3,0.02307489682856149
3,0.008834467475364245
3,0.007657871786823602
3,0.053487668444753535
3,0.031096547528714866
3,0.0221390290593649
3,0.011046716920449897
3,0.007492323862359904
3,0.16353239163051883
1,0.09423462356473405
3,0.004790364353185869
3,0.01791850159280023
3,0.048682415482246125
3,0.04037297337863795
3,0.07352385958376956
1,0.031422793319979915
3,0.017282676126394295
3,0.011398962172663816
3,0.04605589255704586
3,0.022034656275248924
3,0.05768022144160176
3,0.006537005371275841
1,0.021096075795200113
3,0.05434057488880786
3,0.11862324232859318
3,0.04675856033897608
3,0.015105865267037666
3,0.029108098126117202
3,0.0363690570380291
3,0.05518335951136352
3,0.011172655187204065
3,0.008382840294068179
3,0.006231125453922257
3,0.020480025661714543
3,0.01194147420462945
0,0.16724058517041834
3,0.04526450022365817
3,0.023778539900426353
1,0.030366699535607923
0,0.01267088375708449
3,0.021879045292446206
3,0.046334009811113255
1,0.10644851957185297
3,0.008007363810269561
3,0.0049609340864287315
3,0.0066233561335425255
1,0.04277813998325431
0,0.1627078864116334
1,0.061640675525973486
0,0.028714977116400704
1,0.1743399989055484
1,0.11748665896333316
1,0.10313917586150288
3,0.036269748747856684
3,0.03548332751871185
3,0.01955800495404688
3,0.013548903375370467
0,0.0390875489637605
3,0.041763394429918305
3,0.00941995071003451
0,0.016110353174252332
0,0.015145409575823056
3,0.02800497574133483
1,0.017234745147407384
3,0.01291559191841346
2,0.013264122642353092
3,0.024410441742279385
3,0.027166573946381015
1,0.019838689939034163
1,0.008281553850020832
0,0.009375523420793253
2,0.048857755538409424
3,0.00140612562360919
0,0.0567389888420987
3,0.037880652184554865
3,0.04034633273355081
3,0.012681676341669817
2,0.04619375433112845
0,0.039803257771858065
3,0.028558193772968418
3,0.006688741235449881
3,0.005459425330504751
3,0.018380803597824746
3,0.011243689584969928
3,0.011847327120909216
0,0.04806800885734759
3,0.001258549365772388
3,0.05904798944944341
1,0.018443710443402157
3,0.057408355442835284
3,0.042562610941092364
3,0.006963881275824906
3,0.0310339275115724
3,0.03153373475938105
1,0.004290927215458665
3,0.015833766273638382
3,0.06141126311376012
3,0.004027156259356896
0,0.2152956363197519
3,0.01042643990441178
3,0.032820939568327524
3,0.04268108222895657
3,0.00937445761672466
3,0.016435875405129217
3,0.03785700198562264
1,0.021200517919028734
3,0.006990249374599895
2,0.033138821128880294
3,0.027634683046108523
3,0.011930352252795857
3,0.016407425032604957
3,0.03814828352553785
2,0.04083524241029784
1,0.11419037028400067
3,0.008511109575884652
3,0.027846286994519857
1,0.011954849285434404
1,0.051408908864257356
0,0.02821534532983425
3,0.02657346688541814
3,0.015638383893980444
3,0.07758867843364624
1,0.011986954648412203
3,0.003430042595944024
1,0.10252339583609013
3,0.01730937948570993
3,0.015337870102824428
3,0.04272596544735366
0,0.04283178782476923
0,0.2031469686197293
3,0.0077995573310080755
3,0.014507651332686151
3,0.02445998052270495
3,0.015769855335642725
3,0.013209996818381527
3,0.03937496345405093
2,0.01438847600998679
3,0.007827023053146927
3,0.03894737773834836
0,0.03805715167220887
3,0.23860069791889377
3,0.009044567036401824
3,0.003230331989395412
3,0.0021644686596900306
3,0.031732931743362044
3,0.06676696511832646
3,0.025465630537297255
3,0.008935275739865871
3,0.012099238929661225
0,0.37296673743555775
3,0.010032526147776487
3,0.012017427402510094
3,0.009600347359065967
3,0.008483062481281868
3,0.010514763498471674
1,0.07114376036687159
1,0.07719411986141632
3,0.028198092896985397
1,0.015180711908056112
3,0.009722111537598785
3,0.005781876578889098
3,0.015997906478045942
1,0.13185708939994545
3,0.013562146720001073
1,0.2239860347505565
0,0.05569105869038808
3,0.15011069518409526
0,0.4503816326698519
3,0.048355224993030424
3,0.027436177315044434
2,0.06044159145905877
3,0.004155722582023241
1,0.11267726693459923
0,0.025695698008418272
3,0.007828921462150997
0,0.024831434951736595
3,0.01205120065060933
1,0.1335321699595434
3,0.036576104070946636
3,0.04773881512492951
0,0.04826775901280734
0,0.04614665721456498
1,0.07389258202523694
2,0.02768849233281948
3,0.0237423856911841
3,0.008226086448714124
0,0.09887361645679366
3,0.0073711582194275664
0,0.07400138868731117
3,0.007275966571808573
3,0.0256582965902906
3,0.03420524096348782
0,0.03625788297413519
1,0.015269677618718759
0,0.31434627640440593
0,0.018374702709578687
0,0.01426009360163598
1,0.011199931005785622
2,0.003682007240496595
3,0.0329753274506051
3,0.0519987951637578
3,0.05538045419134908
1,0.020730264754037494
3,0.04987316942185242
3,0.03559479921516144
3,0.004676268694079436
3,0.006777040321737986
0,0.07136691618963381
2,0.0062219412759543435
3,0.03244244470124679
0,0.0083332307358486
3,0.006322703258500607
1,0.05932174635045663
3,0.05154026795522234
3,0.010334156059621477
3,0.036770413764124654
2,0.19681212446181634
3,0.013624839421040738
3,0.01958985188295766
3,0.026868237305205926
2,0.008727646748643219
3,0.023083510113352416
3,0.061590881086905996
0,0.12499980925664464
1,0.06478488075158761
1,0.07059344913721977
3,0.047616312470156893
3,0.146161174634915
0,0.030137250134564714
3,0.060603792785865154
3,0.004083158426870097
3,0.020766914514043174
3,0.04657304233001396
3,0.022702733933980555
3,0.007624753702460866
1,0.039706725897409575
1,0.010389515997873997
2,0.030429250076430277
1,0.015717464141060077
2,0.015749759719778943
3,0.02935245766968026
2,0.09737804657364305
3,0.03139079412892182
3,0.05389624194012091
1,0.02726416814957183
3,0.020536885125348774
3,0.01381942823463998
3,0.0020001931700355372
3,0.002475156615060395
3,0.009229640698783187
1,0.009882542826640313
3,0.13814378801774396
1,0.04433252585515231
3,0.04556029109286949
3,0.04160044021793256
3,0.044453432361549874
3,0.01045356408880736
2,0.08158208137706202
3,0.00702268389018137
3,0.016982098180422435
3,0.06252833267104142
3,0.03446977888301633
0,0.024137807194437352
3,0.005825363551751613
3,0.009604663292467706
3,0.00968901170954234
1,0.07754031354165049
3,0.028328531006322676
3,0.02858814251256821
3,0.05721675024273305
3,0.005836625677182148
3,0.016951117176455484
3,0.07947088396323797
3,0.0520380545732024
0,0.017595298132519786
3,0.01380221527009934
3,0.03845581288982025
3,0.015572290053249312
3,0.0277798162813293
3,0.015193626010076537
3,0.02747225940838171
3,0.00622105704324131
3,0.014605263032119111
3,0.09695771607954044
3,0.04574570769137333
3,0.00416123034188518
3,0.09513933731687059
0,0.11904702501514237
3,0.019117835357291505
3,0.04420893298326099
3,0.04900345206255441
3,0.016621705981018305
3,0.00852083562968087
2,0.006828187513018933
1,0.13095345758567442
1,0.011307212936177029
3,0.015380540350704807
3,0.022318061857530522
3,0.02533761349519659
3,0.045495886499252194
3,0.005615974451076547
3,0.03477145675773257
0,0.04156872623223652
3,0.06299405780576144
3,0.031927450925275234
3,0.022032991567291806
2,0.009252106220470308
3,0.016085136386670338
0,0.017607500772689803
2,0.07036255322588628
3,0.006144033138305214
3,0.02779056256131594
2,0.06552526213832685
3,0.0266395156869724
3,0.0066382386335059945
1,0.0664051479020752
3,0.037878742851070145
3,0.014163724300525378
3,0.043024267374041525
3,0.020388145695201535
3,0.022747366374880416
3,0.02748249351432961
1,0.03230452943519479
3,0.0413427280383915
3,0.007605714265095069
3,0.036433738488961594
3,0.015859561042110934
3,0.025415246480352652
1,0.018020452357559624
3,0.04006922423601806
3,0.04126852520299459
3,0.06395605252904002
3,0.013885403128582873
3,0.005950447677356232
1,0.027896500614187372
3,0.03500129299808191
3,0.010759284238217105
1,0.07282313657867176
1,0.018701083377907615
3,0.033288597658444004
3,0.06662809565688317
3,0.010665177123906066
3,0.03858742541922603
3,0.048873711942962125
3,0.009227211719326944
0,0.06829464258256703
1,0.016680972491578367
3,0.04760755771434426
3,0.028461495133068424
3,0.0425660436260833
3,0.06940211054730051
3,0.10323748863404406
3,0.06163621403250706
0,0.0038733726572596928
3,0.015904552859150142
3,0.00787558947957358
0,0.029447407757064056
3,0.03490306278397453
3,0.08824935623990891
3,0.010585770356798519
1,0.15086305923082252
3,0.00884722868241865
3,0.010650237105867192
3,0.018718090853883526
3,0.016603790875367078
3,0.022969746073443487
3,0.00906893225748619
3,0.006867902023599244
3,0.0014148516336259065
3,0.00750785794413188
3,0.02912253006612722
1,0.058158688261602295
3,0.06227769877882967
3,0.015030632556417846
3,0.028224150749482004
3,0.02422828737686416
3,0.06891027744321095
2,0.02015019069065198
3,0.004401754999031173
3,0.055243731376938124
3,0.010739886618956421
3,0.007732530463371924
1,0.02864330171003885
3,0.009110405326383925
3,0.0068396772012924234
3,0.0068050352020926075
1,0.012410368646763679
3,0.006899511687262477
3,0.012356079311674949
3,0.020821416614674126
3,0.008688325428007331
3,0.02144728271782396
2,0.00859561968029638
3,0.02462688759197925
1,0.007620918306766811
3,0.007760481567030858
3,0.009449810305618474
3,0.06488293300929505
3,0.04096132049587324
3,0.03449602583396866
3,0.035688973083949076
3,0.007591747295638215
0,0.00853527810072523
3,0.010242518361973072
3,0.022859291305559488
2,0.02834814020690288
3,0.008178923746263302
0,0.1744556048720552
3,0.014099911819285986
3,0.04246836954806498
0,0.1061466440987131
3,0.03344633758681841
2,0.01867135350922601
3,0.03884543407638864
3,0.013250312039588845
3,0.011074498884869742
3,0.021646940137183986
3,0.06983367392015372
2,0.03169383587270905
3,0.022168725355291092
3,0.009162960222045567
3,0.007220346654794319
3,0.02112749409145673
2,0.011278742135931394
3,0.026961189669124048
1,0.2066152450669282
0,0.10381708660164597
3,0.125940091399272
3,0.03667440284882651
3,0.03666900424225929
3,0.011794035813364311
1,0.00959086451741251
1,0.011271742912502773
3,0.049597677995098066
0,0.055759301798575606
0,0.010105941462128936
3,0.05294469756829457
3,0.017507612211162708
3,0.03524640482418249
1,0.09281780545390148
1,0.05128409073886249
3,0.007188361003652521
3,0.047978352633296244
3,0.015715434734409547
3,0.015067179085299507
3,0.008545069745735623
3,0.02412994045191846
0,0.15387828067076756
3,0.007341467503275166
3,0.04816064024248664
3,0.03761097712672067
3,0.013473498060671146
3,0.05824267285401578
3,0.027762335129127885
3,0.10698174593390722
3,0.043909370190133495
2,0.02467298479469408
3,0.0821630525565768
3,0.0033073605003524683
0,0.05340969206322617
1,0.09706326769240904
3,0.08631104671772784
3,0.008624275076433513
0,0.0417356191192756
1,0.04505479894486475
3,0.040057645341254604
0,0.015535447011847583
3,0.0558674362985868
3,0.007568054317094753
3,0.16158310324178132
3,0.020328422733572625
3,0.031098893101309796
3,0.027251913995194672
1,0.007500204461640623
3,0.019153854929728827
3,0.08259615416080342
2,0.01419077631732167
0,0.01240498707625216
3,0.022513639195813777
2,0.22046807253026288
3,0.008969989649582767
3,0.009925297840648733
3,0.01088456974515423
3,0.014195413561076656
3,0.012112608449373796
3,0.05379229934369296
3,0.04529526991836947
3,0.007771087359152936
0,0.012557098976973408
3,0.007536912768856516
1,0.04555236712785528
3,0.011453551264849492
2,0.030861449787166022
3,0.019722067899619663
3,0.011917472492747262
3,0.015081515034792613
0,0.022135747597441472
3,0.05049063659440204
3,0.1138285851535142
3,0.017974804325504336
1,0.02076295497178601
2,0.09364802847719668
3,0.004667977565285212
3,0.036196431913629715
2,0.015360346768908418
3,0.015738625871814897
1,0.0063364613460482845
3,0.007805758468546311
0,0.006233073145681524
3,0.03649525650940295
1,0.10079916762293381
1,0.013058913442009103
3,0.029807861084856443
1,0.03208018667418268
3,0.015386635265292605
1,0.07774491541028998
0,0.4952709087229358
1,0.06608878277935948
3,0.017349615714223436
3,0.01870116489654171
0,0.023732899922783414
0,0.023218752131585932
1,0.01551842734167122
0,0.01965309957058185
3,0.04011261063218714
3,0.10826148904923216
3,0.009277972520400312
3,0.01782017284316252
3,0.004393541445402571
1,0.11928955106929728
3,0.01061784357642728
1,0.01980467088234316
3,0.005357457718384557
2,0.028748047150848235
1,0.06355512988902229
3,0.003938309035027018
3,0.07253211812106365
3,0.01072333914775072
3,0.03458591520227876
3,0.06824238897961364
1,0.1968476530123828
3,0.009030110282395898
3,0.04097761758075702
1,0.013537085580184864
3,0.01631093500150173
3,0.02620076837796711
1,0.11518932294739045
0,0.04302293274197401
1,0.042695152193940086
3,0.019573789754634044
1,0.01830531646978192
3,0.1627830820068927
3,0.03346879161734127
3,0.054075579741073763
0,0.010581069836116147
0,0.06091343668295351
1,0.04187698000506671
3,0.029356872375678408
3,0.012224059488392603
3,0.012210281561398303
3,0.006773468621828542
2,0.01996458066115945
3,0.005355790652483752
3,0.10262019800244386
3,0.043126065876828316
3,0.012181336204973657
3,0.013764706796655543
3,0.054886189243035996
2,0.05921031936514735
3,0.009312547906030096
3,0.015168586384538375
3,0.038792307761457395
3,0.013928809493867276
3,0.023499705840196335
2,0.01614575635883149
3,0.019399538597627965
3,0.006491439804708231
3,0.04131635721735184
3,0.02043291800847774
3,0.05551544252207292
3,0.057136348171437354
1,0.04202101838527234
0,0.00406998125108282
0,0.054706917898002305
3,0.12040177806975313
3,0.07081796212520965
3,0.08993469799388777
0,0.15469529991493494
3,0.01288393482468858
3,0.03251502566565031
3,0.058675840115258365
3,0.0077417588860282
3,0.025937448357035674
3,0.015190368679378213
1,0.09701266446969307
3,0.0808966637494616
3,0.04680390849524512
1,0.018827003794645063
3,0.01926497364125457
3,0.055832298239913196
0,0.032323179644371765
3,0.01307869714003614
3,0.0071403693079041455
1,0.008980852349439777
3,0.00836619295408843
3,0.018396797488613136
3,0.00463065174694727
1,0.11975251920537469
3,0.044576255036728255
3,0.06303659618398605
1,0.01822051925141125
3,0.010450763252276304
3,0.02068644176356913
0,0.03379349322015889
3,0.03388913523232234
3,0.02441980442969421
3,0.019505625317613476
3,0.12658259351828985
1,0.003403535898782693
0,0.02425309150525358
3,0.012961456663433842
1,0.13680587502601163
0,0.07061883717037093
1,0.01578097866083305
3,0.0047073360718409875
0,0.02973574775045844
3,0.08971366975242231
3,0.046158405317051954
3,0.020222487886688807
3,0.016893372193516113
3,0.008459790752784465
3,0.016458795685291093
0,0.005542276307178319
3,0.030410121147788953
3,0.016469812051192717
1,0.010800928931361701
0,0.03650040931524367
3,0.09332214461697669
3,0.02035600511916488
3,0.016627847437822897
3,0.019868698227823483
3,0.029549892068159132
1,0.13802897843609638
3,0.05887849249213765
1,0.08425426065932141
3,0.041540517507207414
3,0.024297026110649492
0,0.026054842565842132
3,0.02170298306194502
3,0.021587183204752978
3,0.003834951906165278
3,0.03395925758994662
3,0.05910380716524265
3,0.004827049291155665
3,0.04580594738609277
1,0.02970183440334412
0,0.059983896046276866
3,0.04742302774285165
3,0.03259979012171694
3,0.0029798313838684583
1,0.007132269087386068
3,0.00698262568791536
3,0.04922830350881367
3,0.07079697146661285
1,0.005748737314514555
3,0.009627186019965567
3,0.004572147899388426
3,0.03727375649668672
0,0.026065765648304588
3,0.09011156223149833
0,0.03795936378283766
3,0.017888297445521437
0,0.013269798238480065
3,0.059370141374375233
3,0.0846128888216849
3,0.03889723652746994
3,0.07164494364361745
0,0.09497006629943389
1,0.11354415915075894
1,0.12657000367436072
3,0.19252878467624693
1,0.12448131795524203
3,0.021566492964683
0,0.020486723721308716
2,0.01497534238250774
3,0.0088590046390927
3,0.0056976665477371895
3,0.017365142546698957
1,0.04605716363508934
1,0.023638750580418845
3,0.01598584164663347
3,0.01082557878720061
2,0.00921083229461759
3,0.02042643251385828
1,0.022254082637336223
1,0.08300866946330208
0,0.025554745836731525
1,0.0030969785711807535
3,0.047377917699614844
3,0.07198541237746069
1,0.10553138509256343
0,0.02603024946284346
3,0.018016294620718996
3,0.01026454152755925
3,0.030004654028006537
1,0.03352493465323027
3,0.09830667309921504
3,0.01893646664610142
3,0.00946470793657466
0,0.0673095159880078
1,0.09648965745106548
3,0.1767924763069685
1,0.09616912786018675
3,0.01688048441041039
3,0.005493566648550937
1,0.11088597067761552
2,0.00876581251983585
3,0.06308393758511195
3,0.02887425792035063
2,0.018387641690591486
3,0.009381556251064467
3,0.012227033951458329
3,0.04472457434843817
3,0.08253042946047073
3,0.0446317892151968
3,0.051097933861131026
3,0.05361111995552229
1,0.03429441512285669
3,0.07347054183358127
3,0.020684297082331406
1,0.064700516816659
3,0.008221533744355332
2,0.03509620950482624
1,0.1615401388830051
3,0.16612338641273716
0,0.022668012242402467
3,0.009698868964055179
1,0.008905866813437338
3,0.029133388969663873
3,0.03577151894625766
0,0.007091101148989932
0,0.006647600917993635
3,0.007207268665182226
3,0.0437709262487476
1,0.1078200753132894
3,0.03534605959090845
3,0.014568743958943543
1,0.010459458998653496
1,0.004391702061592606
3,0.04696543116477269
3,0.020075191508249372
3,0.0021040771441421594
1,0.047400387716704045
1,0.04344560948128951
3,0.0025737353110521495
3,0.03736905840886515
3,0.016893687003063148
0,0.04601176985375191
0,0.04709182398545099
0,0.009648351546896573
2,0.05962542091950206
3,0.008301341516333414
0,0.0138739650819885
1,0.05133453360305333
0,0.011046724832131198
1,0.033399268773247615
0,0.007414058341923074
3,0.011928661999195251
3,0.02632900014120864
3,0.0475061053604081
3,0.03105482968803553
3,0.013143156888861493
1,0.01977659528662312
3,0.021784359221195444
0,0.07199063913773485
1,0.013777060683880644
3,0.007294595253585726
3,0.00604533234834737
3,0.04650567949336799
3,0.042342578363540856
3,0.014045750590461618
3,0.0326891006879679
1,0.11474563852669319
3,0.014995066962064173
1,0.017675641214600933
3,0.05644162424473214
3,0.06184745711825759
1,0.1130319665716055
2,0.011421294973542348
3,0.0037630994428951414
0,0.028371879591166306
0,0.0334004331335895
3,0.03886131188261392
3,0.0042331811399020525
3,0.019410964107596098
3,0.0276102443497757
0,0.01959751364631099
3,0.01604874432484926
3,0.026016914547084807
3,0.007552046996897572
1,0.09503330464889523
0,0.06126745910530508
3,0.008918559583325898
3,0.0158573561762773
3,0.062179781536714246
3,0.011069064141763821
3,0.017733370824317498
3,0.03763934450482764
3,0.2968272685932792
3,0.00624975475468187
3,0.031087786091734775
3,0.13851402036412663
3,0.028675991866899373
3,0.006609123635424666
1,0.015820858259024816
0,0.061206420357147115
3,0.04300704036785978
3,0.019031147670945953
1,0.0693335112717696
3,0.009864037807007443
0,0.04874399248659453
3,0.0025467715646132804
3,0.010373911623483697
3,0.004144880102709971
1,0.002441747205345348
3,0.011944996452888506
3,0.05170509709341626
3,0.04281848427370931
1,0.018921881354306773
3,0.009970774409408911
2,0.08741844839851964
3,0.04173249109588208
3,0.001894927566588673
3,0.04077910432189858
3,0.03290161022181815
3,0.017242011152108577
3,0.054545455147948396
3,0.042549441313994116
1,0.021966662076800078
3,0.06362557292544356
3,0.030050695307980532
0,0.013965543569449892
2,0.019917490636047527
3,0.006111211546595662
2,0.025483339624420308
1,0.09578911022622709
0,0.054491055571792
3,0.013071582844722127
3,0.01033825110555633
3,0.008753985595913618
3,0.024360891709771428
0,0.014382963909835827
2,0.07720039767528561
3,0.024656169204756648
3,0.00865454848736842
0,0.00663956839047642
3,0.007209486102078335
3,0.008149843289479134
3,0.011302831760611658
3,0.02727830442467553
3,0.012235058689516047
0,0.06632316473488817
3,0.0026678522804352888
0,0.056146540191349945
1,0.0683877930930385
0,0.030147316621933352
3,0.002902942867512782
0,0.046568590307538335
1,0.079746548254777
3,0.0022814116338168355
3,0.0015825756329114842
1,0.0060478759949412755
3,0.004561011296912545
3,0.007797835753007861
2,0.008588706359623442
1,0.019696823726590554
3,0.010887382196552255
1,0.052892535480501865
3,0.07227749727412375
1,0.010349163287415449
3,0.0218486349150826
3,0.02258123383508489
3,0.06558205216522979
3,0.0052480133069724
0,0.026356287904508002
1,0.00615230845218373
0,0.03260786628087666
3,0.003761724749437767
3,0.012281080433274657
3,0.028419327400821332
0,0.05206583993140571
3,0.05156260808962924
3,0.03048819074239812
3,0.041167351053130845
3,0.005283423841627727
3,0.0057591656427327465
0,0.12401830213297868
3,0.009587094287676646
3,0.05758522472296305
3,0.023304935345034434
3,0.004166733728702235
3,0.044224513608024624
0,0.0041522040736408205
3,0.026046476784282742
3,0.021347780586459284
3,0.008299051707196097
3,0.026447689162787315
0,0.09061092357258854
0,0.030148022000683585
1,0.03304579422057224
3,0.010644901716203182
0,0.008470929120395373
3,0.007767805691786521
0,0.04126782562767396
0,0.015556134919855281
3,0.010842497062782733
3,0.02175648696215841
3,0.008864773890231322
3,0.026369547152629586
3,0.0036916109850500217
0,0.012595846733767836
3,0.01734957347529631
3,0.01489402727047929
1,0.05850989589223081
0,0.01759880480305666
3,0.02969778705579163
1,0.04216560305884044
0,0.13645830194891173
3,0.010261985828440283
3,0.004950603269790154
3,0.030153498974413058
3,0.010283922905628212
1,0.0614804105028272
0,0.025614097172365256
3,0.0247290031455177
0,0.053155929132108544
3,0.1402459561097658
3,0.08139324797597026
3,0.03807852158165358
3,0.015919941109899333
1,0.09775829935493253
3,0.03267217583975417
3,0.006022225645534568
3,0.06362930585039775
0,0.022276182506017553
3,0.002740526892645867
3,0.04019037904004205
3,0.020830355326199028
1,0.2028667258729515
3,0.010495569391807512
3,0.003742900573501423
1,0.09958976477849578
3,0.009720361605444502
3,0.015978683882579933
3,0.03853112143365804
1,0.018204230816691872
2,0.008059692673119937
0,0.0653201275517358
3,0.029332426237925376
3,0.005929881026459898
3,0.011789585059143846
3,0.0018178194341538132
3,0.05613168931097504
3,0.03214510806556811
3,0.05871405206911432
3,0.014807629059403296
3,0.018012851506564377
1,0.09904893686019192
3,0.02837587436572207
1,0.016401907824427738
3,0.011545904066155254
3,0.003940170816867372
3,0.16453349207801307
3,0.008206378023161596
3,0.011801810999992175
3,0.058974655922599165
3,0.07108203223194251
1,0.0784922482176723
3,0.004839481806253495
1,0.00937842693418174
3,0.037331636400763875
3,0.015115792334720966
3,0.03604554352203141
3,0.1175161103746064
1,0.026503506854521006
3,0.036681476603139446
3,0.019301902798929238
3,0.016684808656781423
3,0.003803678887447974
0,0.36801434246389053
3,0.03761404100265824
3,0.04167515464816947
3,0.018848319613289536
3,0.036452696029500645
3,0.07998031542400101
3,0.007295766235064505
1,0.14951810364308024
2,0.007697351032344081
2,0.05373306455843359
2,0.019166197186324816
3,0.042681602545857816
3,0.012358567106669584
3,0.019687720017654002
0,0.023831440016736594
2,0.0950021060302235
0,0.02779221608761951
3,0.012237625335156575
3,0.029667317980221417
3,0.056048260823498945
3,0.004567626849352898
3,0.0192961739006812
0,0.01783749492902718
3,0.005003541656134264
0,0.04216559220947469
1,0.02133045209997663
2,0.03654207658671586
1,0.04527876509034065
3,0.0526621663825974
3,0.04901517217815679
2,0.2523281493443061
3,0.03159527331481408
3,0.009833312889724817
3,0.004354748555811237
3,0.010044176625704884
1,0.10484568745851233
3,0.015494079117911981
3,0.022945380788839474
3,0.036243526961320896
3,0.009571388119201057
3,0.024214209182691106
3,0.00808482143995595
3,0.00913511479031741
3,0.011328961250741763
3,0.023077321276458673
3,0.029706507604127106
2,0.06782434243466536
1,0.050772598622555246
3,0.004498315290914102
0,0.024700627133530034
3,0.019715242183270972
1,0.02436033578828919
3,0.02763868414631312
3,0.024131364049173838
1,0.07699425522788639
3,0.00940311417307886
3,0.0715674669021866
1,0.14515725869247365
3,0.03205043847424654
3,0.08771782143817486
3,0.04896139093825462
3,0.05734640135452315
3,0.02867274867581833
1,0.08643975222189887
3,0.0035561889899597163
3,0.03769086618620437
3,0.03457307753409687
3,0.0216602021091151
3,0.015168151396933543
2,0.026435757454847022
3,0.007483069109940963
3,0.005954869583322171
3,0.06238073147761291
1,0.013313628469908882
1,0.11934011786982465
3,0.15935120610048753
3,0.007681913543159738
3,0.007368536251792352
3,0.036994534070644604
3,0.033990769233318646
3,0.0073124621513134275
2,0.03013612966658488
3,0.03379736927527374
3,0.007780395666353052
0,0.007957986177324818
3,0.007312035575023328
3,0.00849530044221431
3,0.04152142088079093
2,0.06177874358575342
2,0.012809101261637477
0,0.059526863335213946
3,0.0399222360749906
3,0.009292833848379006
1,0.009456266779021479
3,0.14809036632424402
3,0.061868454712414964
1,0.016326618922808844
3,0.00886758870721898
2,0.014511566962867675
3,0.004306664978069719
3,0.005324890300685762
3,0.025083804364923242
3,0.006194306971500508
3,0.010695228274743155
2,0.0344576784646469
3,0.0037633169501784893
3,0.005936835116779045
3,0.036427920284070395
0,0.04120160562569848
3,0.0052154267253915285
3,0.017456837000944383
3,0.009917887343798329
3,0.03065210838430316
3,0.052210912767311886
0,0.012968782113429183
3,0.0015738701261891778
1,0.09371420210549383
3,0.019447073936102656
3,0.005503426625245196
0,0.10962482224032441
3,0.09421478245906413
3,0.05591062744464432
3,0.005324224996545907
3,0.03319945413126995
0,0.029073604176186964
3,0.08134917925366017
3,0.04258630936086428
3,0.003310844291599151
2,0.0178004367900351
3,0.021184575652503014
1,0.04259051526701726
3,0.024255773105457294
1,0.14776340206891495
3,0.011251335142713844
0,0.01547232552731
3,0.11797348632753869
3,0.0026463248913370556
2,0.008529966207108301
1,0.012959399955093086
3,0.05179121366008887
3,0.05643135969675635
0,0.030224773649108416
3,0.02875822779686726
3,0.03136286983285884
1,0.025779891500202663
3,0.006866537205791671
3,0.055587786818453555
0,0.06648770952201045
3,0.004114054430033832
3,0.007771088869601448
3,0.08461355137473534
3,0.01071604187327337
1,0.016170752225939864
3,0.0034546198981644893
1,0.014568006075985783
0,0.015020129003301215
3,0.01194812172364655
1,0.09013846380844831
3,0.15705546634006876
0,0.040454717677397015
1,0.07250443481208745
3,0.0245283154129652
3,0.1028695816994479
3,0.004021479240712619
3,0.010257314474255349
3,0.043798119732013134
3,0.02716894914463789
3,0.01324929921026647
1,0.11737957095313033
3,0.017227368955319445
3,0.006545563649717686
1,0.02500983691948479
3,0.011840591409585852
1,0.07159648773915775
3,0.29873112086988746
3,0.006223514140088412
3,0.007760594993725166
3,0.06050984592340635
3,0.006071273164492633
3,0.006528616819713811
3,0.010894528227458443
3,0.13754917023551727
0,0.05919984975958444
2,0.009063773701958178
0,0.012282176995346832
3,0.0029110471068796964
2,0.009839356219279173
1,0.00976508912444337
3,0.024166451831987127
0,0.011367333267283434
0,0.013056508424543768
3,0.009995460435210766
3,0.03113790279034215
3,0.01504512420680251
0,0.009932100663190339
0,0.04905863492483997
3,0.007099990138165927
1,0.029579663405147335
3,0.1623721049541224
3,0.08663639614080097
0,0.028613422806094857
3,0.006896374363065002
1,0.03697351991587347
3,0.03744031624918701
3,0.05143688541949413
3,0.04858363717319098
1,0.15591075313246555
3,0.03511177658398985
3,0.004906734271022885
3,0.034407508175000254
3,0.02142039370985773
0,0.028625666853807116
0,0.05408619945035105
2,0.005311632844068768
3,0.0060657463894799295
3,0.05143809086759478
3,0.008341387890792779
3,0.006232902845465849
3,0.13076953114909234
1,0.09887558804412375
3,0.05959820359185562
3,0.006306095591451113
2,0.02690541393991532
0,0.11917197094066755
3,0.018681249159993
3,0.00941131108484741
3,0.00836547618198669
0,0.019397961655122177
0,0.01392022910389356
0,0.02722016090344096
2,0.009340268382203455
3,0.04139505902333859
0,0.41110547470866
3,0.057863602860560505
3,0.0028240508432524607
3,0.06166063353708456
1,0.03189363358838538
1,0.02514912687783436
3,0.013187097381507215
3,0.012703061652597363
3,0.010062909499960221
1,0.050856659027461316
3,0.03756717133624714
1,0.03520878642148524
3,0.00790294024301853
0,0.0581544780416337
1,0.07234525876626753
3,0.07165500379452382
3,0.01849780077230557
3,0.019769287796592074
3,0.006944448886643074
1,0.06015698661097327
3,0.025203048284779813
0,0.0922788444880672
0,0.09533437490366604
3,0.03390811621861358
3,0.06507611342831984
3,0.035305709019571564
1,0.020688848332347912
3,0.007512347271101679
3,0.004763857571077288
3,0.0137298425982402
1,0.13304919386957262
3,0.02788374297913185
2,0.02171213435581333
3,0.06797574054405499
3,0.010319667442423778
3,0.03510475203092267
3,0.0020941964047449134
3,0.01598845059731816
2,0.029494897440773802
3,0.014420741160607835
1,0.06649140388594514
1,0.09103592163050823
0,0.03209845299786682
3,0.020786111661697977
3,0.014143661588821159
3,0.012508707808919266
3,0.014691439454641214
3,0.06404718190635751
3,0.011298614123134156
3,0.0020022619091823895
3,0.056409674578356585
3,0.006585023983509454
3,0.029049210045509803
3,0.02425765207476257
3,0.13058641104762947
3,0.011313617886057087
1,0.27254435730092186
3,0.013363412879789014
3,0.009691317379874203
3,0.02790473937672213
0,0.029263891274284307
3,0.006686875522094487
1,0.04661806887186193
0,0.06857195626425774
3,0.002607742525633604
1,0.11832627441751495
1,0.01865457288821132
2,0.014464705776799277
3,0.009881165659729924
3,0.02142395759074269
3,0.045683382218680485
1,0.11104526898198791
2,0.020225605483211784
1,0.007978598888304649
3,0.030882283241331056
3,0.0034485797303342443
3,0.012736085050545522
3,0.04481027150025174
2,0.03517728872861086
3,0.0654500067180882
3,0.018538922622680525
2,0.011505821162919995
3,0.06848951765833255
3,0.009312436339633636
1,0.09958625840838886
3,0.011060394974393104
0,0.014681613490399549
3,0.02560806254561745
2,0.03294133073707383
3,0.050077165006879615
2,0.09854781188655527
3,0.04691397144018839
1,0.009421846379251376
3,0.03894081898884709
0,0.0737541590739152
3,0.012503997887553055
3,0.05815864595010866
3,0.026480306293816976
1,0.015697530308335643
3,0.020615420304689606
3,0.016767515231973118
3,0.022269931850854005
3,0.06135844114189532
3,0.027559684438450267
3,0.01901219657906378
3,0.011024051206975354
3,0.009840079461423217
2,0.030851541637922548
3,0.024156693483413975
0,0.05507835794177104
3,0.04108697299725569
3,0.01325321430483576
3,0.005776417533312778
3,0.1857030068611472
3,0.021435437827836364
3,0.042110567286214026
3,0.006760989456111288
0,0.09630797944539973
1,0.037007165909755405
3,0.08654705555858619
3,0.04195625045833709
3,0.04436643679758412
3,0.009388480860795516
3,0.004374402276724699
3,0.05418480573064111
3,0.04491575450294127
0,0.057601670270664415
3,0.03771379942476354
3,0.006190757430571111
3,0.0502243875796493
0,0.06907199679634583
3,0.023621773014026983
2,0.01913001577672295
0,0.047982755286585646
3,0.029791708557767922
0,0.01855573490407134
3,0.006207687043666704
3,0.0021207725812008174
1,0.10075506558897648
3,0.06944488788793954
1,0.005365125488806544
3,0.12655635996929926
3,0.015944966468711116
2,0.02198977460441868
3,0.03311464687053484
3,0.010723353537377975
3,0.0051763768701341235
3,0.017903961897548788
3,0.03572833886878527
3,0.017827195707381022
1,0.0038708104986460426
3,0.03130376900886122
3,0.1311325825148568
3,0.013362239670316665
0,0.026797568809155015
3,0.039391456589639925
3,0.009648339235359528
3,0.028534269479655462
3,0.1300574095213635
3,0.04571549786150091
0,0.03937808277538782
3,0.03417385350880898
3,0.016357001971931552
3,0.016971004960259897
3,0.06969991884633295
3,0.03945261033273548
3,0.015763831024247756
3,0.025171480617413058
1,0.03692483352466411
2,0.06407516965831069
3,0.007159104926130069
3,0.01196555403479573
3,0.009606003307808444
3,0.006551792292052537
3,0.002390897206379267
3,0.0089193643199062
3,0.0066420545293125
1,0.017223439960345522
0,0.01564794537315449
3,0.004697071081947417
3,0.032089850984608696
0,0.09846802748998582
3,0.08799355898393714
0,0.01323671620506358
3,0.054292705324775294
0,0.07535205972472615
3,0.01081778055805944
3,0.014437079102663288
2,0.007481348649065711
3,0.019493190997483683
3,0.043237113864119894
1,0.010131148229005873
3,0.002679992924407152
0,0.015183343276130797
0,0.01584107846061162
3,0.04299819520760538
3,0.010030477998693834
3,0.004126192567477933
3,0.0044207956948918445
3,0.0036021664327714684
0,0.016428892751500005
1,0.014634311973774513
3,0.010283854579904403
1,0.024960900135411464
3,0.009591320834651057
3,0.008172586349651609
1,0.01619365139745981
1,0.0531785399684052
1,0.025618076871001986
3,0.022702922202989632
1,0.06152964032318485
3,0.03357696121697789
3,0.03848840659246192
3,0.034253066761183684
3,0.04810663277366481
3,0.056018578207179336
1,0.008982347536679418
3,0.03011407713050359
1,0.07540023720352537
1,0.2672824848832942
3,0.0321175832086253
3,0.022691349146682086
3,0.011547432862355414
0,0.011451547930778214
3,0.01388566348137434
2,0.07306436570082292
0,0.016311593175612718
3,0.014455528229931628
3,0.02651232593754985
3,0.027020445700298365
3,0.03777799055855742
3,0.005946627839557904
1,0.015512096768772037
0,0.019903764908695446
1,0.008799643721375485
3,0.010976612551345704
2,0.05410359671285536
2,0.01625646411281981
3,0.010691126490921906
3,0.041578420828016216
1,0.059094213183771185
0,0.008253923270424138
3,0.009761894057566629
3,0.003875235400203542
3,0.01594787150684207
3,0.042867152296830816
0,0.0606818520265548
0,0.02094289831338451
3,0.016179617067448845
3,0.03126715829636591
3,0.008464496033321885
3,0.02070900449611618
1,0.03601040638114773
3,0.053839722004515596
2,0.011383547036062192
0,0.05360257622841509
3,0.00878986518820373
2,0.030936771813853355
3,0.025804586919779368
1,0.017238249817897098
3,0.01672161240775485
3,0.012834042570888434
0,0.06991432189158418
3,0.0947073082881854
3,0.012944397213929999
3,0.006815446442282995
1,0.03158221507772925
3,0.04664133163731009
1,0.020793522130816464
3,0.008608731953889167
3,0.04844900424873585
3,0.09967304225683311
3,0.05814676552641352
1,0.020237365848924452
3,0.03181753897461861
1,0.020642721517427014
3,0.008993229014558821
3,0.039007333863005554
0,0.042652848377010444
3,0.0053469126630543064
3,0.0031024137876455534
3,0.061596384935343536
0,0.01996225838119994
3,0.028347882738442423
0,0.08596520634649146
0,0.04219323941877314
3,0.02381413232317414
2,0.03220198343979519
0,0.03644914871227778
3,0.0567745649829608
1,0.07115039104776313
2,0.009243503937652732
0,0.009975095245934495
3,0.044354150192980085
2,0.038081953728421325
2,0.01387288024015556
3,0.014602435519149328
1,0.006775596032419711
1,0.012404675530449504
3,0.07675943754561433
3,0.032695355617510184
3,0.010587504539455462
3,0.009441688975977197
3,0.051312028689621605
2,0.01078608064918855
0,0.34056950335990854
0,0.02857972433282434
3,0.010195162800668591
3,0.026786890094863267
1,0.10765153431618232
3,0.040621046741162306
0,0.06718001510729531
3,0.043260867919663666
3,0.018386451065523536
0,0.029251542060566127
0,0.029591625340953956
1,0.009730628011735564
1,0.10344904293781802
3,0.03279327567707088
3,0.02426930938727893
2,0.018541940236793522
1,0.10561760765189214
3,0.022328606343592537
3,0.002295961518945848
3,0.010096422259616508
0,0.02678875410629005
0,0.04864945462381964
3,0.008056151835516537
1,0.16222474837965054
1,0.006229201818879167
3,0.023224597711018626
3,0.007686567412972216
3,0.006605947681241441
0,0.01268937773026849
1,0.023409353081788667
3,0.016624250445352463
3,0.010647206009976899
0,0.006261609572666077
3,0.016063330457473268
1,0.07436952342796607
0,0.11198469604679856
1,0.024234849211763936
1,0.051096856268449294
3,0.008844262751549163
3,0.007124011399038297
3,0.021281098204482842
0,0.17944108081209983
3,0.022396338105549148
3,0.04096054418282014
3,0.16901442011319695
2,0.0359293794694546
3,0.010789045871258424
0,0.02147702639396198
0,0.12745815826517393
3,0.008169367638958265
3,0.009825273941827724
3,0.04991876351595032
3,0.009873925111393383
1,0.013656300586765703
3,0.015127318050289594
3,0.02975893377150629
3,0.041134439939653884
2,0.02257187628764283
3,0.013245934259938578
1,0.04899752042988162
3,0.0369060047338943
3,0.0556148224889893
3,0.025834616561915918
3,0.0025241378956684787
1,0.2118716568566483
3,0.01177243240938285
3,0.09552395587845358
3,0.00794421616267921
1,0.09365294680374217
2,0.010323611680775436
3,0.03519269376165994
3,0.04369662751026294
3,0.016230259163186385
3,0.014341387151888743
0,0.010615411085721617
1,0.006539069644160846
3,0.012430821741831778
3,0.005498000539081649
3,0.02836852791172305
3,0.04880133709356986
3,0.02747627123290248
0,0.13452146548246446
0,0.021895077243437065
3,0.007844348113582226
1,0.041953930920218936
1,0.11394881305130927
3,0.0311315070578935
1,0.007655048438258443
1,0.022878417394837237
3,0.041234814423373074
3,0.03343967083492948
3,0.017055500952519266
3,0.022070006971458275
3,0.006079238110777222
3,0.057479559092532176
3,0.008037471823507137
0,0.02103187745746438
3,0.07299495496679811
3,0.039768642769802846
0,0.043121078702329216
3,0.011539979662954013
3,0.04517346503214336
3,0.038700942876424116
1,0.05657411283687619
2,0.026931728265811337
1,0.05979444309170101
3,0.033206476145300486
3,0.009928472688521772
3,0.017401394397242705
3,0.05730258022553796
3,0.009689964376629771
0,0.013644482763409434
1,0.005110522830349523
3,0.012367964880466615
2,0.054773332458338486
2,0.04555773124065448
3,0.17212938403400543
3,0.04737698509771914
3,0.009730512408756916
2,0.010939594509990453
1,0.022810904227064513
3,0.008146668154970577
3,0.03692526015991365
3,0.11968081704983366
3,0.054207827057849996
0,0.017716247354692984
0,0.07478219655819504
0,0.04376322981717468
3,0.10505737704182955
3,0.015035701287587664
3,0.05422522924284669
1,0.10956523908802722
0,0.025159415167324332
1,0.035999218072820416
1,0.026348671719189753
3,0.025805587310583137
3,0.06041159213985436
2,0.03590230748775533
1,0.025533161281981426
3,0.006098273499176747
0,0.01335911333096455
3,0.04324302117539602
3,0.024330781066765814
3,0.00761030719914616
2,0.008680596591528306
3,0.003603468791264267
3,0.03606827538735111
3,0.004929698809538084
3,0.0029074580073992677
0,0.03996739674183688
3,0.012299367776917822
3,0.0048825658990718935
3,0.008309742987446647
3,0.03915644688666822
3,0.01054559292436356
3,0.007234677101923267
3,0.029459567805974692
3,0.03186914316804724
3,0.008766460913737728
1,0.03406000264272308
3,0.0035456211848890456
3,0.011871099460728897
0,0.025650452746132365
3,0.18935136953003381
3,0.024238149630639153
1,0.023313645997473712
3,0.027844149796189103
3,0.0966605564014759
3,0.00712395276787447
3,0.007668546698151987
3,0.008138499091515082
2,0.05469548082202914
2,0.015701400769546542
3,0.025151998778168226
0,0.050741613092879674
3,0.05529000402156597
1,0.03608416584993029
3,0.004188848654486451
2,0.03720373214179075
3,0.011688055573436247
3,0.05581742304264906
3,0.01289803060130271
1,0.013454574983341917
0,0.09142678640493303
3,0.020507796026015126
3,0.04247575984306843
3,0.002854932696323517
0,0.024091842540089312
3,0.014526739081068222
0,0.01919702336525409
0,0.029372273964136004
3,0.01787108922632046
0,0.008414983063474248
0,0.02692104156293038
3,0.0027048221216857743
2,0.12363570702242074
3,0.01921064412701538
3,0.005946452373390633
3,0.026599349015019688
3,0.07864208210851127
3,0.008176497228233034
3,0.032898524753131195
3,0.013868390148822459
3,0.05236142302220625
0,0.009613783945742147
0,0.0204154886742625
3,0.014004477083061294
1,0.020403501650458702
3,0.0062472714753639795
3,0.0034486270909771222
3,0.016073492862207054
3,0.04927621879807209
3,0.009527615303150338
1,0.018968080030396385
3,0.009049207912427512
3,0.053023744168747874
1,0.07057883501560082
3,0.01336921823042068
1,0.05255767169141915
3,0.16204313367376288
1,0.050055066908656645
3,0.0149021458732041
3,0.2658292081539528
3,0.03241958423067667
3,0.011699752937125035
3,0.008360343988416754
3,0.00875519657034234
3,0.04270127479914135
0,0.10192304641749023
3,0.11594183150759922
3,0.007336442501449771
3,0.043226563369142615
3,0.06712332888529517
2,0.006015589980159903
3,0.0045109358325924834
3,0.06371160646856072
3,0.006199116781464031
3,0.013622144189474317
0,0.016896422243568424
1,0.005225317321826562
3,0.012705182964207586
3,0.029920425319796964
3,0.03681842289872676
2,0.005016987693473861
0,0.015461298707720771
3,0.04716916598012951
3,0.00745905214791647
3,0.14093206876609277
3,0.006072481114441233
1,0.02003348726405672
3,0.011770029403012666
3,0.011180590520745428
3,0.050999975735348015
2,0.012343058906410234
3,0.2897470517560127
1,0.013787366990757284
1,0.01193409852241601
3,0.048099888938642484
3,0.04537291466977032
1,0.1351226751502536
3,0.008356955355946487
3,0.011324622791368841
1,0.043169682101789245
3,0.046664865163525956
1,0.01910182496183945
3,0.03466269604137502
3,0.005338324061109633
1,0.026345383293225118
3,0.06651308249766165
0,0.0391216517155014
3,0.02517790981097294
3,0.01718797126640514
3,0.05307929944774865
3,0.007163034511733105
3,0.007893460180282138
0,0.026914863975971204
1,0.08688408683824317
3,0.0374166355140286
3,0.013358792089630304
1,0.05814563868298534
3,0.04703374639110921
3,0.008252581604380766
3,0.052083240813287406
1,0.03279323877474111
3,0.04785893911624016
3,0.00804459696189366
3,0.006759359850326687
0,0.03835659094186216
1,0.006173457144096835
3,0.03620413955140842
3,0.17438493710995864
0,0.0509173207094512
3,0.07983735286642615
0,0.07222646329871969
3,0.006578563910625517
3,0.012528121857636491
3,0.013132757989089711
1,0.0817016828856616
2,0.10506462627828231
3,0.06608561169205375
3,0.056078130643541606
3,0.004043108694384496
0,0.06125593332217668
2,0.0038984570530984355
3,0.01886304834453786
0,0.04005689249952
3,0.008833719283161644
0,0.02247469532248984
2,0.008319478721989794
3,0.004643542439554173
1,0.022122874010665976
3,0.059815612450895964
1,0.08519021588458008
2,0.05906510064938318
3,0.007684120048276724
1,0.017846105785665495
2,0.014089031808617834
3,0.01664663632574133
1,0.027271269714209533
3,0.006715659207895653
3,0.01819190032114806
3,0.001259879764783218
3,0.03912116082658183
0,0.008888960900374172
0,0.07879688887774439
3,0.03348079459415365
3,0.046882997594353736
3,0.01603885078395625
3,0.17521458379679192
3,0.01868477581886571
3,0.049564694813247816
3,0.06904814791782632
2,0.015587998725318294
3,0.039259371752292695
3,0.0017195586381865875
3,0.03180417780769472
1,0.018398409746904668
1,0.24766542710823475
0,0.018974038328349326
3,0.006273961588299817
2,0.013605934164993849
3,0.01354415970362414
3,0.05482122237928269
0,0.0659212543097167
3,0.01471843481368059
3,0.007509285137689904
0,0.07949123565724227
3,0.03575424186253367
1,0.015596093125745227
3,0.0745963775839933
3,0.03637690967556836
3,0.047443132534972995
3,0.02552007368109814
3,0.015483756453466523
3,0.0746368283845258
3,0.0058255289555268494
3,0.0470466920836694
2,0.013162017453963039
3,0.04823603402856587
0,0.07161061666076954
3,0.007326571349016332
1,0.0775158801026349
3,0.014018796578140655
1,0.10022503233126587
3,0.007321741468407328
1,0.05111018921118089
1,0.023546185617894892
3,0.010805950675372508
3,0.025631127798966195
3,0.006423546292389278
3,0.017969933212516612
3,0.01608446485334036
3,0.0011309477369054344
3,0.027498734345150266
3,0.052741752181291596
3,0.009660288618578906
3,0.009170337536454656
1,0.043893975839449685
3,0.009524032408744772
3,0.011472383542736107
3,0.0055197540391424505
3,0.025027506414220087
2,0.013909505656905399
1,0.11425797395736169
3,0.05787552729350598
3,0.0018496588091722285
0,0.024163325721116895
3,0.021083205070187756
3,0.06137772133286306
0,0.011174549055303315
3,0.027516845687077057
3,0.009233657273419207
2,0.007805062102868302
1,0.06830121699955817
3,0.011721174545498834
1,0.008960450723765572
3,0.04340121080319729
3,0.05160140037486273
3,0.0018318577888560743
1,0.10589184753794544
0,0.004686995372809899
2,0.0069390605519118066
0,0.006930927422675699
3,0.0017763606931552325
3,0.06149712075388543
3,0.04676961728865729
3,0.11705890899423184
3,0.011405221980303828
3,0.04352520587332917
0,0.02375586175962811
3,0.0031257290531665526
0,0.039858217745219394
3,0.03514658328198444
3,0.007410741333787529
3,0.029231626435591872
3,0.008216042219385692
3,0.009010128439607589
0,0.03868017330003381
3,0.01758574926540909
3,0.02385820368544506
2,0.010870447447762806
3,0.017002409260144284
0,0.00459211703982579
2,0.01686412005620014
3,0.008520553233656372
3,0.03255420431707136
3,0.014444273374615244
3,0.007984437732454292
2,0.03698500864993934
3,0.06715523340795992
1,0.0038573780781103175
3,0.006123813140884996
1,0.532610571272438
3,0.05919621402100746
3,0.011942913640616058
3,0.043502363681046236
0,0.00503439570284543
3,0.032727239565343
2,0.03064383899484413
3,0.008433599533664387
3,0.003973678569381805
3,0.039972244860929346
3,0.07143516252080782
0,0.10066574881051857
3,0.00715578945778117
3,0.04173277944263741
0,0.059665195279130466
3,0.06332658292724211
0,0.01639659622050813
3,0.03738099112167467
3,0.006535857275991762
3,0.023770438683345715
0,0.10820118700816767
0,0.1493045946719424
3,0.0036273584183399554
3,0.03410454046460914
1,0.05584834970906907
3,0.00437951211007326
3,0.08956501496084596
3,0.04251085380482559
3,0.016940031261277935
3,0.05389573687524613
3,0.029152001635594466
1,0.03632636463078265
0,0.027560506871350757
3,0.02593032275049439
3,0.028107875615333153
1,0.004429813363912078
1,0.038619206583171764
1,0.04774661091350116
0,0.03227981662757553
3,0.012159162534853775
1,0.06986067323776178
3,0.008858038240085641
3,0.00996467713212597
3,0.012589959334720058
3,0.05441439590173568
3,0.015648963806901343
0,0.1163472529974794
3,0.01324119758819357
3,0.03604366986231735
3,0.05825477116860375
3,0.0072082502602217454
3,0.025755465633319992
0,0.04771692189160956
0,0.029133349483082153
3,0.018896397624149686
0,0.04451056576769274
3,0.0697433001931833
1,0.00384834239585901
1,0.026420699312068134
2,0.014000706509642415
2,0.009102651864649798
3,0.00361096930249092
3,0.008725723619175858
3,0.034733584446445726
3,0.13687045092089947
3,0.018168829609731367
3,0.013602060263260229
3,0.05415022137944018
3,0.03867627864670489
0,0.020318226097524487
3,0.05541065056746712
3,0.057264047193300575
1,0.016928355717309683
3,0.0075176343610701395
3,0.03798961640667012
0,0.0106889931010843
1,0.019066825786238327
3,0.003926062853185126
0,0.03783089104112582
3,0.04052040263411399
1,0.013958841345429764
2,0.07405929361481808
3,0.000813813278160649
3,0.06523990731082809
3,0.019890106562242528
2,0.02490508687055706
1,0.013114080078706626
2,0.048717286591229265
3,0.007006752266275824
3,0.016015832768553506
2,0.041404897875460915
3,0.013949067115266174
3,0.026256715715124612
3,0.012321057780118714
3,0.016948248119150352
3,0.0011355365108566072
2,0.016803395943001558
0,0.08093313838687019
3,0.05044864543877345
3,0.013644066586055891
3,0.026890372234108485
3,0.005585134655204733
3,0.002839987498306339
3,0.05055182489973106
3,0.04157841535232954
3,0.011724348594547133
3,0.04253163155106092
3,0.0030561260616382142
3,0.017335878931031726
3,0.04485330034543682
2,0.047268791880241245
2,0.03434076040452399
3,0.01403452033140095
3,0.10084523445955473
0,0.007616952175243371
3,0.006789426307616517
0,0.006523011956661897
3,0.005769937551276915
3,0.039206912375322395
3,0.01175293257583792
3,0.01860328665831226
1,0.022571608724559378
3,0.0518250936024376
3,0.02141846884962548
3,0.026097322796618305
3,0.016225198029313912
3,0.02994838518639473
3,0.12648322095259681
3,0.010245832373355883
3,0.01938960651981884
3,0.02456850316199706
1,0.04424918810576825
3,0.08162398747239097
3,0.05501543082547277
3,0.02252906740300077
3,0.04369170157021084
3,0.02846147081323636
1,0.18328824175415018
0,0.11535142816791961
3,0.012236369179003642
0,0.016955325350892676
3,0.01281094857285786
3,0.006898487840707051
3,0.11871413662270089
3,0.0028165664349763453
3,0.013578739313004006
3,0.012643258994786157
2,0.02957953479153353
2,0.002890714002524477
3,0.05071965258447177
3,0.0014010452944349455
3,0.0026302393165728816
3,0.03139505050408035
3,0.0269960195492583
0,0.06696637882035018
3,0.010371897725489906
3,0.009342192424211348
3,0.0434720662507876
3,0.03580643928872316
3,0.005224972294486497
3,0.01571482218972974
2,0.08784158036118471
3,0.014078086586577731
0,0.2734850920379174
0,0.05296086885952212
0,0.10773907187982171
3,0.060747907339406645
3,0.05365272885451093
3,0.06452227770685588
3,0.008776177646481833
3,0.008111445165958605
3,0.033250139620600916
3,0.15871966430261147
2,0.23603016875319666
3,0.018597553045957012
0,0.03846145466706869
1,0.818088339896276
3,0.011159461984909207
3,0.00742317750305351
3,0.004977813356516308
3,0.061802210433663726
3,0.007258540850572736
3,0.05188894285010018
3,0.006880442768686606
2,0.012562453025810895
3,0.037578615270429605
3,0.024521522179868957
3,0.01435499440914975
1,0.13467692858342342
3,0.02877994277246381
3,0.03612447507032273
3,0.0113883860014954
3,0.007505581169186441
3,0.024561877913327392
3,0.009658146573865063
3,0.032070218967297726
3,0.002168096904378642
3,0.038362516367549594
1,0.016740704976591685
3,0.02543606029194009
3,0.021332429504618795
3,0.11285156455643579
3,0.01671461239647385
3,0.00790628164273573
3,0.007028681577639018
3,0.014469778897979391
1,0.013071231344300374
3,0.0264864330342877
3,0.008281296431432557
1,0.055152966306740964
1,0.047005556755816316
1,0.01545459754539012
3,0.026388696287849196
3,0.008990345581909776
3,0.013862336211407127
3,0.03824883160070199
3,0.007413536978922294
3,0.023200001154951765
2,0.00929359368951408
1,0.00733417973448919
3,0.019768339518692342
3,0.04446963030536792
3,0.03293052644783344
3,0.008462268623080133
1,0.04043644958203999
0,0.06659908638132286
3,0.03706924873174212
1,0.004462748860806316
1,0.007480670167976323
0,0.04990297284922592
3,0.009211977925783604
3,0.05940195255809545
3,0.027470773774690597
3,0.018107208320365383
3,0.008127761763842908
3,0.010255053930510356
3,0.03662206103738387
1,0.13449774190785832
3,0.05585671889601042
3,0.08377287800394263
3,0.10403242146865868
3,0.019574812015820894
3,0.011013138402077061
3,0.009688064628746459
3,0.03069443215658183
1,0.22571130441759973
2,0.009674691184080328
3,0.11249561217620617
3,0.007160153724241104
3,0.025184749483663966
3,0.05266541036842116
3,0.008925045811244783
1,0.021139723068504833
3,0.1115757179133481
2,0.018125025928947127
3,0.007427829451483326
3,0.049031233536035265
3,0.005344223266025747
1,0.008603592331920195
3,0.029138015356247455
3,0.005486750990076344
3,0.01888448046417587
3,0.011471978404794084
3,0.05402515756368436
3,0.015363035372004145
3,0.013749962494549316
3,0.023464467196396947
3,0.03369243804859988
3,0.03282590187429954
0,0.07262264820854875
3,0.01814686437150153
3,0.015461293195345293
0,0.008182644070295555
0,0.051173794788961606
3,0.12127800386875005
3,0.006113654400541035
0,0.018524080986703915
3,0.006793729806573368
0,0.009871302140476922
3,0.17612691258473545
0,0.02132066700373175
0,0.04516695127153629
3,0.003196249638324216
3,0.007435622386204118
3,0.04422988180215404
1,0.04088577409227154
3,0.004885323984536002
3,0.030331655332992417
3,0.0855482045824369
0,0.16005642697522932
1,0.01176515820430182
3,0.011353002825750736
3,0.006033709322904715
3,0.021151928142305525
3,0.013186223185302985
3,0.03511041268290574
3,0.0312975085984926
2,0.01818826235354888
2,0.07300700262005685
0,0.02032672817693523
3,0.005772086145293639
3,0.004749415404959348
1,0.006823151014862522
2,0.021910718548507544
3,0.009510476337010517
3,0.06740373630159306
3,0.007001374488099333
0,0.1602969446468005
0,0.019333964210770813
1,0.11320589905306434
0,0.012301956659396849
1,0.05530028939366667
3,0.033011731884685445
1,0.006973867288473918
1,0.049573638140267266
3,0.019866864649219933
1,0.038911927201206224
2,0.008132881244992726
3,0.06230429353221988
0,0.026210290530061107
3,0.013487560782742778
2,0.016707111362414
2,0.02765034104249697
3,0.05263756273317643
3,0.06631249559753737
3,0.010213977377315966
3,0.014327515777020763
3,0.04159569023728725
3,0.012962538940588297
3,0.0511168788155468
2,0.04747338595214764
2,0.0123718443387058
3,0.01021516489742095
1,0.08345779402017521
2,0.012752451453463685
3,0.011035607976686209
0,0.02618378806844421
1,0.018056991294258532
3,0.005364630541324734
0,0.08169433239849301
1,0.11676534286095916
0,0.006601032364621264
2,0.013694418047548304
0,0.0056725946339060635
3,0.009052303765121957
2,0.011815502520641393
0,0.035203945745162175
0,0.0780604054735672
3,0.010357478731119094
3,0.01699937651524007
3,0.014111854333912334
3,0.055047121215222365
0,0.04451101652010511
1,0.06034818392220206
0,0.008081558074573007
0,0.039555094170034104
3,0.012767714964803945
3,0.039658944285038536
0,0.24122797822627934
3,0.019202235479114427
0,0.019065214424112478
3,0.02349749828786156
1,0.031480462301833274
0,0.04029186092457539
1,0.07519485069202433
3,0.026014082269927484
3,0.0631710155824397
3,0.037333410924349705
3,0.037154841649488894
3,0.053241992156589917
3,0.019755419198682074
0,0.009822817604821918
1,0.09065328014594148
3,0.022854481743917358
1,0.08954297066557372
3,0.021437549974897687
3,0.056088751095536425
0,0.006987585190515711
2,0.05955645466353679
3,0.004021391042452216
0,0.043765761154568046
1,0.6411108334388774
1,0.019153041746744377
2,0.041332038775767736
3,0.025431174755360518
1,0.024336826791096396
3,0.008747560711713594
1,0.026947809046319587
1,0.03323134542095733
3,0.002804234311495488
3,0.010179199589302527
1,0.01009977295562032
3,0.023835823690257572
3,0.00918981442128403
3,0.03864197309363778
3,0.05936345200692402
3,0.0362267500684356
0,0.14304008410278624
3,0.06296765403537542
3,0.053212501283109614
1,0.05714750686757886
0,0.03369970886394921
3,0.02848491757498283
3,0.04940186160394059
3,0.01607328863292988
2,0.09381613332596853
3,0.02166802392391526
3,0.007586409156260938
0,0.07217967163108033
3,0.009866415249948314
3,0.02190186854693639
3,0.0800089328997755
1,0.007867287693461768
3,0.02624945614840405
3,0.027502669948897676
1,0.05357891669284393
0,0.03223657015435364
0,0.04448406985053358
0,0.021827555049078816
3,0.03784194451644382
1,0.019545174368838607
3,0.20796665815814175
3,0.01769038060793379
3,0.0014719315523937183
3,0.006536339513064246
1,0.011613580347093238
3,0.043559296193829415
3,0.07348266458275292
2,0.10208114059497411
3,0.012158263478802408
3,0.0037001905366923415
1,0.02426874087273368
3,0.015037040213373107
3,0.004799565258010096
3,0.010020157577495229
1,0.07673819785558876
3,0.036389922874224795
3,0.014782067009107069
3,0.007474273562910214
3,0.012018057944945022
3,0.03841661493936546
3,0.04772721864096908
1,0.022393720029432438
3,0.02343886403185441
2,0.035113102439016795
3,0.01026223891357627
3,0.05077183512327616
3,0.025548850696616856
0,0.007037464199045852
3,0.006032719162020889
0,0.15992842044069425
3,0.0117235856489875
1,0.06277920096924103
3,0.009690995484394792
3,0.05072497298014929
3,0.010019910315459126
1,0.00326147356411207
2,0.014338492841133255
3,0.0012972858367065964
1,0.018371611089641342
3,0.011862986816997897
3,0.005415264358839183
0,0.030806663173169272
3,0.007288834946625976
1,0.12511680276530462
3,0.003871894498685199
1,0.06173989191157246
3,0.03649392576320436
3,0.05553435964351032
3,0.07198070702408653
0,0.007959973921479842
3,0.057933110816465606
0,0.01821615229092876
3,0.012267902196768179
1,0.10900881485737247
2,0.013591513152427074
3,0.0214282727196477
3,0.008124555810448963
1,0.08009375061192878
0,0.01006272975258368
3,0.013460154359088098
1,0.004982760350149986
2,0.16294213539285146
1,0.10114684256430587
3,0.002194451064272668
1,0.10658497754051462
3,0.015235654861166004
0,0.07273266432657619
3,0.013955076295306144
0,0.04375057709968216
2,0.024287744623260256
3,0.013798437401394414
3,0.04043779292759701
3,0.03467035227286141
3,0.0063118205120266955
2,0.006465716653372504
3,0.053581345025548614
3,0.055544476411357145
1,0.1364894749762177
3,0.006356338154524846
3,0.03012413538665778
3,0.001884022737638241
1,0.0609896977567466
0,0.04831918853733415
3,0.005742717836277104
3,0.01773526182915129
3,0.02094384910389999
2,0.01180191973409023
2,0.03130256197796662
3,0.007032910614929481
3,0.012030671700826324
2,0.03310443130266425
1,0.021996219909618135
3,0.011322435995877077
3,0.03709844447878073
2,0.021577028551800825
3,0.019396772935628918
2,0.013277810619545692
3,0.04862858817537822
3,0.026810298474099492
0,0.06127313667166409
1,0.01186106063138177
3,0.004055186317567973
0,0.012903703325910197
0,0.013939384744631864
3,0.06269336671982409
2,0.00590635290786541
3,0.003566299473153204
3,0.015106767266996314
3,0.009689606347216797
3,0.05618244616569332
0,0.05467746629787862
1,0.15576570277307428
3,0.10103730240461951
1,0.052946042750242756
3,0.0510370829591624
3,0.0015120235405712155
3,0.007438656541244708
3,0.017864198303332697
3,0.05549713745881214
3,0.028451717229599535
3,0.03478986264469707
3,0.10465093651094058
3,0.012515499393495978
3,0.050992498741219125
3,0.03547322532902691
3,0.015414935772251023
0,0.015847549130692553
0,0.12956294449051725
3,0.06487897805644385
3,0.010986445918181858
3,0.03386271705543266
3,0.047427686315829796
3,0.04409933656816741
3,0.014792395564767738
3,0.013542634733700586
3,0.017342838548522952
0,0.3188646453019792
1,0.026124080836430027
0,0.011185349126960878
3,0.006359517731401861
3,0.10920403764207406
3,0.03754157016699078
1,0.00639440861307268
3,0.043139713583663024
3,0.022203030515922352
0,0.10590764725297729
3,0.05819704143030144
3,0.005736652897209662
3,0.015890845710741015
3,0.030953185847088963
1,0.04221136214915163
0,0.025954000903657605
0,0.004767548169413919
3,0.015513426617558116
1,0.013022741821513585
3,0.022582462485392116
3,0.01735458127942703
0,0.014774228241503843
3,0.05866045573345808
3,0.02283353793054034
3,0.044242222812645046
3,0.002059443955039484
3,0.018522851012395255
3,0.027929194720408217
3,0.02811292053918626
1,0.05353983895190159
1,0.060351631510508
2,0.1156084422681147
1,0.12799222715173064
3,0.015672463197194376
3,0.06641804702353576
3,0.051427404036338616
3,0.021412423942695387
2,0.026743811440753558
3,0.015235156310369658
3,0.12903242119884994
3,0.006527036274238201
3,0.04878123966395617
3,0.026543307904093705
2,0.07202076029185858
3,0.05508356992136623
0,0.05981880433920143
3,0.017835788998788044
0,0.11984029987463048
0,0.07666375152522396
3,0.011527229495880724
2,0.016047182165213406
3,0.007863199204620355
2,0.01215152459443511
0,0.028271286389203967
3,0.031420357001640004
3,0.00900109554866341
3,0.16078437164157278
2,0.14969622834034554
3,0.02288531114237692
3,0.15671597081062344
0,0.02322996525484908
0,0.013344569544135031
3,0.008746405842514167
1,0.07322960337265973
3,0.007253570759173223
3,0.019234617341269872
3,0.03278221862546563
3,0.03249902358042365
3,0.029025101184730506
0,0.044877966936810045
3,0.04361372725127315
1,0.11140331155429958
3,0.01960332009945743
3,0.0045636890145886256
0,0.0359940318639403
3,0.0502794083542187
1,0.11042677782186582
3,0.04567075452536985
3,0.007981096362992709
3,0.05715416009335451
3,0.023047868581597235
3,0.03408291412737656
3,0.008997369622319585
0,0.07028666832565379
0,0.017684484968339166
3,0.05447035315565501
1,0.02705931738397663
1,0.06650650671990734
3,0.010379744978528801
3,0.010796516852799042
0,0.12217242062132762
3,0.007583120746941426
3,0.03613912303664293
3,0.005034161577238117
1,0.008041224318611406
3,0.017172838911158495
3,0.010644597160591204
3,0.008062506435041524
3,0.010270169949158171
3,0.005978688093689474
0,0.02787707943418649
3,0.03454673439102151
1,0.02890450604302967
3,0.008637890638759754
0,0.05125556564765111
3,0.012008268708826875
3,0.02730050024109872
3,0.00167472337134569
3,0.03149725033655355
1,0.001509961597576199
3,0.061025507916720574
3,0.010434242251756062
3,0.05421399398184083
0,0.04828995289390873
3,0.011531372817295845
3,0.00846642324966357
1,0.01768454200816213
2,0.010107669696244412
3,0.005574607621365135
3,0.022905907754332662
3,0.04152398272308338
1,0.0841328008923253
0,0.1577118591340995
2,0.04191790619301845
3,0.07723257170674683
3,0.03495410335005358
3,0.010295562234802852
0,0.04005247083336064
0,0.05352466095362887
3,0.002625253159102168
3,0.05898556619406195
0,0.0594855880656029
3,0.01695062527590333
3,0.03426762076133035
3,0.005945816913840584
3,0.0460985591071779
0,0.020450065924505698
0,0.03161946925690298
1,0.0073514434557404905
3,0.014381905607094196
0,0.061311315359509545
1,0.00847180306993311
2,0.05881900113729718
0,0.060191027350336705
3,0.05787876668570724
2,0.04422715909598444
1,0.014796926281378185
3,0.019020446118642467
3,0.020061686114003288
0,0.028799657152745444
3,0.006525697935405825
3,0.012441898738702226
0,0.032943440366833825
2,0.05142629385919921
1,0.084445860579559
3,0.034236353189177865
2,0.148933047666189
3,0.0017224335243020894
3,0.058576562637663226
3,0.004160246124783737
3,0.014270646289469936
3,0.0091460035234146
1,0.0033237897791350605
3,0.020214714276544844
0,0.01779389950842822
3,0.0597997920072058
1,0.07787631010854905
3,0.013534031036076206
3,0.04678316634691948
0,0.002067915789244073
3,0.006763785772238472
3,0.03151511085882627
1,0.045902469804603704
3,0.055192844418872164
3,0.029685267428323885
3,0.07978449983097101
1,0.06801885241668391
3,0.014233805089504668
3,0.024803374455120073
2,0.06434554039304084
3,0.0049975138577789645
3,0.00992509911031783
3,0.05026089081413934
3,0.02065172411894757
0,0.04554374869479948
3,0.008723020261272172
1,0.11753144641574703
3,0.05496169604703448
3,0.014657511780383095
3,0.05286553615918433
0,0.011174678450486327
3,0.011329720990276154
0,0.031924516696795205
0,0.022402558341918583
3,0.03181386599869376
2,0.03497536071369706
0,0.02137808837425684
1,0.036061907505676345
1,0.021319749090537837
3,0.007952653452383317
0,0.020068522823202997
3,0.06679309856810726
0,0.013068805327298132
1,0.013128097811862232
3,0.018488959325400636
3,0.03933464111788686
3,0.06266420321196517
3,0.008656549076773705
0,0.05017054706366857
3,0.0061160454313478625
3,0.01970478488668999
1,0.010885363435310887
2,0.013696767153696691
3,0.055335153201750246
3,0.022261417412301913
3,0.03896098623991796
1,0.07742023957003591
3,0.009772554212443033
0,0.005460792097091131
3,0.04354238469345425
0,0.026628206539476788
1,0.11383907767427583
0,0.012210612269509903
3,0.09215497921446855
3,0.024801100625915992
1,0.018952628042505616
3,0.006560772357575671
1,0.032281190344294004
3,0.01064015874739181
0,0.01464020879332243
0,0.031572418222436345
3,0.005248133541706281
3,0.018149693283648936
3,0.020095999896898423
0,0.003504145321467564
3,0.022434882509002406
3,0.02312838322505271
0,0.025123960691311023
3,0.012527800235935112
1,0.017547658237795694
1,0.056900882358624054
3,0.009603374820979144
1,0.014326897017653793
3,0.07164389970190678
1,0.053073091767070105
1,0.020343768219306693
0,0.0132114638189803
0,0.026630494830026323
3,0.009463219615613817
3,0.005186440052303656
3,0.016826541436475155
3,0.01139465663925544
3,0.02604184805034916
3,0.012762674718507071
3,0.03524500154104631
3,0.026352000899688175
3,0.013354753530717373
3,0.03906663528009174
1,0.012171184282600025
3,0.007178494892477788
3,0.09597513904088134
3,0.02153090523130693
3,0.02173875214799239
3,0.022051420159230003
0,0.05571322946626912
3,0.009905233543155064
3,0.042222853758462145
0,0.09253536031924685
3,0.034015988457647896
3,0.012198387387170346
0,0.004918589405424915
3,0.04199898986615592
3,0.012465529228448631
1,0.03575242025670529
1,0.27472646997089406
3,0.06316735336657385
3,0.07400028284094412
1,0.05599011907942293
0,0.024227910071415566
0,0.00904689366004444
3,0.06387970275402215
3,0.032712266682528426
3,0.006467173304113253
3,0.08267244918432737
3,0.03373872725098714
3,0.009022404011289002
1,0.011631063341179889
1,0.11930789788450612
2,0.009262207319839658
3,0.004283874699747584
3,0.011057283938321474
0,0.039722241300056346
2,0.007783394552501304
3,0.010072623010390146
3,0.038115686659134916
1,0.015378291790801187
3,0.02174487804189246
3,0.012077842382245437
1,0.14993591360273137
3,0.04413192467148882
3,0.017284359396552866
0,0.042721512234205825
1,0.027989625770473113
3,0.07060081506057309
0,0.034135879473808854
3,0.028754465985537766
2,0.0448084867150979
2,0.02979992093628315
3,0.008354038258851986
1,0.22278731518710668
0,0.003834306248569762
2,0.011493201285233885
3,0.009639169346246772
2,0.05241020358878428
1,0.05612695362101501
3,0.01909649073485799
3,0.031675286087725435
1,0.010826859493550178
3,0.0518656488190831
3,0.005131722540882665
1,0.015996040218598913
0,0.025824220794458626
3,0.07223705174584678
3,0.03584586618501196
3,0.029598794819553572
3,0.016296182846117915
3,0.0179833134200414
3,0.03104833356674386
3,0.07592141338993821
3,0.007172097670657286
3,0.015759901299304453
3,0.020627877801680957
0,0.026361148732505082
1,0.08058542367675749
0,0.008082827030385877
3,0.00652945232294147
3,0.00970812722341364
3,0.01584511378251667
3,0.007136819448326735
3,0.018233055318637687
3,0.00966554300495326
1,0.02445698248968448
3,0.11831613088686622
1,0.05843194681335605
3,0.004439290365205955
2,0.005843598798663636
3,0.010928311410287087
0,0.06287450814767624
1,0.016371531786905754
3,0.002854464270334275
3,0.0037443126665091192
2,0.013237477680831798
3,0.054596439961224166
3,0.005490204470184489
3,0.03640458909573308
3,0.00520567557218379
2,0.04317627873947687
3,0.013158553232437965
1,0.03869694494981043
1,0.012485047410432538
3,0.22030357564408057
3,0.018191234942286104
3,0.1097164621472618
3,0.040454455863366996
3,0.00628836366751312
3,0.026629027408456914
0,0.005278421092394815
0,0.06485787336193376
3,0.022466294296482028
2,0.01578022301328141
3,0.021986553990270205
3,0.019076613061978925
1,0.1570079057530435
1,0.0783242049481415
1,0.07113545164877491
1,0.062205289073902804
3,0.062345924837727724
1,0.023228593289536484
3,0.037836257041209784
3,0.11562336731776791
1,0.04047161592502678
0,0.011710714079770996
0,0.013910673804294955
0,0.061488891619883544
3,0.010413160668480656
3,0.06305234946865279
0,0.010019422201382126
3,0.0419644070994033
3,0.009718348045879028
3,0.04419128867687109
1,0.015197800382491636
3,0.004817130754185057
3,0.003319827747870177
3,0.009873101238626395
0,0.02756391883127535
2,0.019804219653689965
3,0.014002383027713096
3,0.02363364723103353
3,0.012755159590059588
3,0.03967085744728272
0,0.011530533292599345
0,0.03139592925181799
0,0.025463716344574963
3,0.02068125495886136
3,0.02466894416894099
0,0.023554317030976456
3,0.01758157385574367
3,0.028408221678543864
3,0.06305865506418298
3,0.008100600881273776
3,0.0582312491612521
1,0.0968499048936311
3,0.014623839674458421
3,0.033495623082327924
3,0.02098198514174306
1,0.03474918458868134
3,0.00961196835946197
0,0.0138610524239502
3,0.0511090251836278
3,0.17524671484437515
3,0.06656611995365386
3,0.011418743409651051
3,0.01520397002290315
3,0.006512535902251103
3,0.0107300060385652
3,0.008216190727014464
3,0.03977676587347309
3,0.013486512277610475
3,0.02786071365039972
3,0.01166953507444294
3,0.010868266119905491
1,0.04591783660785095
3,0.04348967352170473
3,0.01829006256912654
3,0.03889504777638913
1,0.039563288248991975
0,0.015718665778539663
0,0.14747713122750086
3,0.06373728337657006
3,0.011689464775300877
3,0.02018417401492325
3,0.00904994418774305
3,0.06692277251270701
3,0.006787748734908801
3,0.007096945657497269
1,0.02430896896103528
3,0.010138947217815478
2,0.02342898902593275
0,0.013628826595713777
3,0.012469523099054932
2,0.001494145266201404
3,0.011242525737771177
3,0.011060879158778113
1,0.14125942039098455
3,0.01756400172174228
3,0.0061073503985802635
1,0.21032379228160608
3,0.052011637690000494
3,0.007991131320116796
3,0.04314881510567779
3,0.03137605619983101
0,0.10698758549288802
3,0.028692927218462064
3,0.04754520313279891
3,0.09642204729559725
1,0.8414725944204494
1,0.017791203104330272
3,0.010081420277813528
3,0.036363038488905736
3,0.013935885751272577
1,0.006621783936365823
0,0.030395406984068212
3,0.03064121263552785
3,0.02337620277489414
3,0.05974435846279437
2,0.08151926307114506
3,0.03326826601304447
3,0.009096480788480304
3,0.00801097126638953
0,0.3437136339642946
1,0.04150582101122576
3,0.012351240397388111
0,0.023110486097434043
1,0.0856584816938417
3,0.03569227238500553
2,0.016584360081918555
3,0.15355077797468727
3,0.028467194052454018
3,0.025019548491379943
3,0.006469868599801089
1,0.031730431630651104
3,0.011147188713787311
3,0.02860843662003535
2,0.011357693053882298
3,0.059258638375441056
3,0.029281914628937103
3,0.006128028514684922
3,0.006146793505935791
3,0.015022151387311779
3,0.008822943182440533
1,0.06383011951284394
0,0.01414033889377769
3,0.014647070399511944
3,0.016946379976796246
3,0.009587906905662035
0,0.028551200753788825
1,0.01669284819756272
0,0.015038815822339513
3,0.029455454416602668
2,0.034819357310209104
3,0.010262918911436476
3,0.053747677065956324
3,0.01870578930563711
3,0.010676750455772653
3,0.010177729607022233
3,0.008171753385423464
2,0.10969225493521158
2,0.01768989118798719
2,0.013468678023624867
3,0.011046628775603497
0,0.0078085050328375
3,0.0025799847589729145
3,0.057833636727490645
0,0.020818198070570896
3,0.016059998755295887
3,0.019458236737673402
3,0.008919071445505248
3,0.012227195769741989
3,0.15519955660118936
0,0.05919023915673865
0,0.03074635384787711
3,0.10197276766418881
0,0.06284922642682891
0,0.051884997421149444
3,0.009260484488825656
3,0.046718671739651565
0,0.01783171506176897
3,0.017579892444507045
3,0.013018828705400515
0,0.029262401397014588
1,0.017617055541964126
1,0.013660281320018387
3,0.05175041913497322
3,0.004815401570397968
3,0.057022399741969654
1,0.01731692888558213
0,0.04801603788385244
3,0.02577278852421567
1,0.018486705234454854
0,0.0021807514468824337
1,0.10479688159953408
1,0.014000330704947423
2,0.028826715991271026
0,0.0027832002582847013
0,0.015700668144155622
1,0.023255545891700365
3,0.006737218158223608
3,0.03282397964765938
3,0.022485083148759133
3,0.029485527100060718
3,0.005481720542465949
3,0.011903630394984618
1,0.11998734087840274
0,0.011109751779722106
0,0.09614481067105408
1,0.047792497523557506
2,0.006855914853207603
3,0.009835101333348513
3,0.03339287600156082
2,0.07753341260947601
3,0.005664395723252897
3,0.10116187019980696
3,0.029842130200430868
3,0.050164284368255145
1,0.01160842418392751
3,0.0029512327586117696
3,0.007004402589315433
1,0.009964558343252251
3,0.009340301989989966
1,0.10220123013613243
2,0.02015577852367985
3,0.03608575672073088
0,0.026384617919458172
1,0.009708556980928571
3,0.0015305692126689498
3,0.029128615688314305
2,0.03451489467197524
3,0.05824903824320745
0,0.032277379054148576
3,0.013781489892540437
0,0.2927501681878938
1,0.004442188097457233
3,0.01288398296421585
1,0.7620723901435189
1,0.06601569651734848
3,0.021195914818192354
1,0.028077513615476685
0,0.016180001413439258
3,0.008934942309112019
3,0.02140714295992637
1,0.10738238428592546
3,0.05927017498000346
3,0.06668286018327205
1,0.08228489674739237
0,0.02201592580037798
3,0.0036496663978637465
3,0.018393271614560034
3,0.019490627316838663
0,0.003750141780072121
0,0.027397475321734092
1,0.007013928277459221
3,0.00786133465965438
3,0.05049295791958148
0,0.012429791546532022
3,0.0056764349353766366
3,0.009442155260910658
3,0.009870366899920484
3,0.0287189420041871
0,0.027431444495048144
3,0.010881887764877873
3,0.10748096824006687
3,0.057237538656781266
3,0.005785076563286325
0,0.3073487413546564
3,0.006404332626354035
3,0.044273272384072006
3,0.014362422647742682
1,0.7069670114854605
3,0.03418726442003199
3,0.0067252006151126194
3,0.040865926604808825
3,0.013170418578945171
3,0.031209752410814192
1,0.0258420996591258
3,0.05337496190262145
1,0.1893966023473242
0,0.07357448035679945
3,0.0029438277053177348
3,0.007541563577227941
3,0.020643494924540016
3,0.017838769407615016
3,0.05825507583775762
3,0.04322774288480031
0,0.09849225101179085
3,0.06398725685833132
2,0.023978436766930004
0,0.03579019906150619
3,0.04664375554095391
1,0.02551453632689471
2,0.008922784559205497
3,0.007645751424686524
3,0.10629280037526649
1,0.005075886582404265
3,0.010247232443889876
1,0.02297444064332788
3,0.06341955508960359
3,0.02522608217895391
3,0.018195918475831338
3,0.03467476838021692
3,0.01005760751721156
3,0.010888266117459761
3,0.02525914314220938
0,0.007206883566198084
3,0.01454881781221825
3,0.008226952681376657
2,0.010891438938906447
3,0.13434823038708693
3,0.014907263076513895
1,0.014900619744348491
3,0.03076490276945238
2,0.08839768579193323
3,0.006018174043894051
3,0.008072934240433859
3,0.016091637231039704
3,0.0033194665391335218
0,0.008887591835403618
1,0.17198195811743414
3,0.013414712925537347
3,0.01712531453029258
2,0.11353730962128752
3,0.03961315110010432
3,0.019872727050050328
3,0.004282567688217435
3,0.04351105701633324
3,0.013164455170540696
2,0.009520337490012647
3,0.039582175640499845
3,0.012498485828010972
1,0.03118463164097626
3,0.018598777704677584
3,0.013940071102346572
3,0.013245377784699724
1,0.011039651265881224
1,0.01870677891277314
0,0.02921764607023273
1,0.022506473884398116
1,0.01730362650561734
3,0.013857391856796214
3,0.017280736746765536
3,0.12624886278206304
3,0.026943767546820867
3,0.05268475567488292
1,0.06288693332178524
0,0.05158477171971793
3,0.033006062670854236
3,0.005696671695902685
3,0.014952496078620061
0,0.02943233724476507
2,0.01738648158672578
3,0.04967262588777853
3,0.05424424060312578
1,0.02185498873769565
3,0.053302201822485754
3,0.07112040991407784
2,0.2531336322604859
3,0.0078132950927932
0,0.16877608908724445
1,0.005314883356871484
3,0.01231233486888071
1,0.06945685372510926
0,0.0545442056956715
0,0.02294639652797598
3,0.001917293763980423
3,0.042764244350781584
3,0.01655545103931761
3,0.006912973789204177
3,0.02675538508856817
3,0.01785279716999011
0,0.020543842156768403
1,0.00917018806107563
3,0.008739433257139672
3,0.008351804831309125
3,0.005803163441871387
0,0.04335727988453042
1,0.021806954285258487
0,0.016224460243702568
3,0.015863203234278946
1,0.021394322387555977
3,0.04574577549593932
0,0.03506415453153486
3,0.15473142075853255
0,0.09887410437166795
0,0.010577986828207308
0,0.043380354119161
3,0.05340018610346493
3,0.0213341550833312
2,0.05169011886954814
3,0.03290464415444512
3,0.00989649698336948
2,0.03523275686260316
3,0.004773793404925727
3,0.018203129087309013
3,0.037836338725061196
3,0.019431782402378237
3,0.01225169760939083
3,0.018880186036772113
3,0.02859468019824252
0,0.029236211487012834
3,0.01243139695913243
3,0.023874520608456688
1,0.11612868694073539
3,0.019067992679351598
3,0.05495179481405124
3,0.15489464287908059
3,0.01366006382991123
3,0.323472566311049
3,0.04527234070697829
3,0.04906955066098894
3,0.007670852541907733
3,0.0038480271355040454
3,0.04831631320929093
0,0.050971259060314716
3,0.00887683952348779
3,0.053236689867258165
1,0.021991156794426488
3,0.02066457759175918
1,0.021882071258454597
0,0.024339022227816816
0,0.0390056939546526
3,0.010895019722133125
2,0.031027531500579592
1,0.027309860360432463
1,0.05410796228644784
3,0.012339242987230771
0,0.02226768740767288
3,0.008059811393222755
3,0.023492267559183065
3,0.028449355138490357
3,0.28375257868955067
1,0.060004612280652896
2,0.085694533347479
1,0.009796064535993207
1,0.013692752746013446
3,0.0421958514892858
1,0.086232930773938
3,0.012110233809059678
3,0.01083370263530581
3,0.01303945774618009
0,0.021782760143583883
1,0.008525274476710669
3,0.03744035021241867
3,0.002533199065384279
0,0.034316634987762766
1,0.014150033791188019
3,0.003706148142509661
2,0.012321826305856475
1,0.14252824286532728
2,0.04188086698992059
2,0.050414558547965345
3,0.00990593919623098
3,0.04870719204926658
3,0.007789342324533732
3,0.039001862839916926
3,0.016898404518185476
3,0.003951091604327425
3,0.05502936726983254
0,0.013065827194303428
1,0.05016705714069454
3,0.012643536893337214
3,0.00806026043967927
3,0.0035644307141655877
3,0.060917374303779234
3,0.015991413028511616
3,0.035604302719368645
0,0.007983576727133158
0,0.01598385882867476
0,0.0804736148772304
3,0.01446621059443446
3,0.016417657146814677
1,0.10477071768555996
3,0.019964926793713204
3,0.009817508889013164
0,0.022386637672950148
3,0.04014421414002995
3,0.008865766510821669
0,0.05677617996163482
3,0.02909583939700426
3,0.022477242668239826
3,0.012140263769119898
1,0.015080654793926005
1,0.0979897728552931
3,0.04490050633491395
3,0.01817076923223801
3,0.05493835725449238
3,0.015199245672243338
0,0.27718858500745686
2,0.012606875638492098
3,0.004637236942616961
0,0.02598997834167521
3,0.012831558280638379
1,0.054438054251860005
3,0.01989373908960098
3,0.011261415498087849
3,0.00639839994866843
3,0.03066156308116737
3,0.006321747796919797
3,0.022565339592789432
2,0.043115390038411534
0,0.06355785158282405
3,0.0020660544104927746
3,0.03196528889434816
0,0.00831101140905718
3,0.01727903643938773
3,0.048646592129050835
3,0.013082915187376464
3,0.0071929460461717795
2,0.16437722108449265
3,0.008171869106248024
2,0.003387991699897027
3,0.017220437805107795
1,0.037926478655137916
3,0.11176747330751297
0,0.014148389747758368
3,0.006121839024688485
3,0.05631485727591845
1,0.0077130375662053845
1,0.007978167040747254
0,0.014618007382062656
1,0.005673093053674563
3,0.005595467434370203
3,0.024916399797951436
3,0.008895678560972363
3,0.025951054670523537
3,0.05632476482980237
3,0.0027437487468166006
3,0.019885774850944376
0,0.016013572423227648
3,0.012647822934028809
3,0.058188030295930455
0,0.01384142601064495
0,0.028710744322646548
0,0.03971985607877512
2,0.00918393093977506
3,0.05602512056241794
3,0.04100282083742846
2,0.08078680788072864
1,0.07959326338253486
3,0.03223343902479561
0,0.017670216205951998
3,0.010815343496872716
3,0.007272980929413347
3,0.002692440367860025
3,0.04529560942922028
0,0.014095742356587735
3,0.0353668942715077
0,0.0709486749801253
3,0.008475955249242429
1,0.06877124318246128
0,0.026641227568227763
3,0.0259638728445987
3,0.05570046865334743
3,0.02323091612668625
3,0.012168652324709676
3,0.009280630464249224
3,0.016521096742815152
0,0.13559913326552162
3,0.05934780549537962
0,0.007895339979664658
3,0.010347359466864773
3,0.02185702043035196
1,0.011845875781613006
3,0.0673387107014421
2,0.015161741862972793
0,0.027996345976370608
3,0.008312188670895664
3,0.00512111021906872
3,0.021715290650013905
3,0.02425528509143843
3,0.012340653221924914
3,0.05038079132797771
3,0.043033809198869885
1,0.02764081315255066
0,0.06184045987396763
3,0.00778235703080927
3,0.0065660247649390975
3,0.005313996246207053
1,0.07710964523394785
1,0.0188373214146428
3,0.01145408524611015
3,0.18766600959091895
1,0.029280721241924622
3,0.026865131808747167
3,0.050209436599304484
3,0.005519532444951967
3,0.023652576316658555
3,0.015937131457600888
3,0.07283346645090406
3,0.027368318859268763
1,0.060024672106225876
0,0.007545232550572257
3,0.057372152775877
3,0.03892294881872134
3,0.03263926500652875
3,0.04073347095744735
3,0.00974766719669508
3,0.011594457266777304
3,0.03900858969309973
0,0.055914407143411185
3,0.025548903425413733
3,0.021329860700229727
1,0.012119207979068443
3,0.006745083278319823
3,0.037747088251377896
3,0.012132904810760126
3,0.022882474082490802
3,0.0050895083515318604
0,0.007448045663891962
3,0.005324806413217393
3,0.015675716072391006
0,0.09092303759095569
3,0.06990559749299835
0,0.019108096210549333
3,0.011914324337646966
0,0.019218583606165837
3,0.03523786103537612
3,0.007009858132883526
1,0.016741522974408292
3,0.059674928167962396
1,0.0937274221934113
3,0.015471699304630108
3,0.030374506283475412
3,0.06175700978011308
3,0.006669057194860996
3,0.014223882798457998
2,0.028488744534456784
3,0.0032656489663768617
0,0.026701264745451817
3,0.0047868630378990725
2,0.01132422521243277
3,0.05888601887402111
2,0.012355310133272837
3,0.04443210018540034
3,0.0025084669336602186
3,0.012405837986601229
1,0.01091861072747637
2,0.02449363266457437
3,0.05805039639531269
1,0.028580183708475187
3,0.02115767455262443
2,0.013683384390290208
3,0.032869121792767346
3,0.006013346762299397
2,0.0747525358341416
3,0.03951005141683616
3,0.0642319010646942
1,0.038979040760718335
3,0.023828653821088504
3,0.01819825647203502
1,0.04489221055097629
3,0.00481066279970973
3,0.015668629544271034
2,0.05733780472542242
0,0.010222730822227381
0,0.01903775108946237
1,0.011918318655354119
2,0.05618521300668237
3,0.004788572608891012
3,0.02304320081316483
3,0.007766612289254521
1,0.01040050506679935
3,0.0035503382862392546
3,0.025333447225514512
2,0.018527846229443153
3,0.017457216844318352
3,0.06484509249809299
3,0.008027281545236244
3,0.07952617397296048
2,0.007550494781993735
3,0.01946086483131641
3,0.013988048452169687
3,0.02751214498301371
3,0.020792384702204972
3,0.04882358022784405
3,0.010606967309713332
3,0.04911066559707668
0,0.07251603918321484
1,0.021002436844990976
2,0.028973847672717122
3,0.020865848176038156
3,0.009121347147524968
3,0.052654235539636655
3,0.015029014468640701
3,0.021269136430147963
3,0.008804389529497907
3,0.009308158339997798
3,0.03590579028650582
3,0.008535239736139984
0,0.0163481110034247
3,0.03220671048119485
3,0.018588728801310187
3,0.029386271293195217
3,0.03429299327803394
1,0.029374805864065205
3,0.020447459307864038
3,0.043819334263416956
3,0.009017608462298324
3,0.06226651849792052
3,0.051225635572726747
3,0.053552426887034876
0,0.016234021363177455
2,0.0655476651668969
3,0.0036668100956656806
0,0.021941342062410666
3,0.005494905143680019
2,0.011728806479181658
1,0.02449045737083088
3,0.04666386971018254
2,0.008176667357586386
1,0.01992709729270949
3,0.0735580025502483
3,0.02274847941841266
3,0.005877759988826092
3,0.019510148042714906
3,0.013267321368669743
1,0.019680637191937658
3,0.0028845120586015256
1,0.08990158055499481
3,0.03177384294527629
1,0.03684995115850463
2,0.0327714809509566
3,0.006255883868464425
3,0.06291151881823437
1,0.044798463147908946
3,0.010811069104333104
